cell,x,y
AAACACCAATAACTGC-1,35,10
AAACAGAGCGACTCCT-1,12,32
AAACAGCTTTCAGAAG-1,27,7
AAACAGGGTCTATATT-1,29,8
AAACATGGTGAGAGGA-1,37,4
AAACCCGAACGAAATC-1,28,38
AAACCGGGTAGGTACC-1,27,12
AAACCGTTCGTCCAGG-1,32,17
AAACCTAAGCAGCCGG-1,38,28
AAACCTCATGAAGTTG-1,24,10
AAACGAAGAACATACC-1,8,23
AAACGAAGATGGAGTA-1,35,5
AAACGAGACGGTTGAT-1,23,27
AAACGGTTGCGAACTG-1,39,21
AAACTCGGTTCGCAAT-1,39,25
AAACTGCTGGCTCCAA-1,28,24
AAACTTAATTGCACGC-1,38,8
AAACTTGCAAACGTAT-1,28,10
AAAGAATGACCTTAGA-1,38,5
AAAGAATGTGGACTAA-1,41,35
AAAGACCCAAGTCGCG-1,10,18
AAAGACTGGGCGCTTT-1,20,9
AAAGGCCCTATAATAC-1,39,11
AAAGGCTACGGACCAT-1,37,20
AAAGGCTCTCGCGCCG-1,33,20
AAAGGGATGTAGCAAG-1,17,22
AAAGGGCAGCTTGAAT-1,17,12
AAAGTAGCATTGCTCA-1,31,12
AAAGTCACTGATGTAA-1,10,19
AAAGTCGACCCTCAGT-1,24,9
AAAGTGTGATTTATCT-1,28,32
AAAGTTGACTCCCGTA-1,27,32
AAATAACCATACGGGA-1,12,30
AAATAAGGTAGTGCCC-1,21,38
AAATACCTATAAGCAT-1,29,24
AAATAGCTTAGACTTT-1,24,35
AAATAGGGTGCTATTG-1,32,27
AAATCCGATACACGCC-1,38,30
AAATCGCGGAAGGAGT-1,34,6
AAATCGTGTACCACAA-1,28,21
AAATCTGCCCGCGTCC-1,41,5
AAATGATTCGATCAGC-1,16,37
AAATGGCATGTCTTGT-1,12,24
AAATGGCCCGTGCCCT-1,30,9
AAATGGTCAATGTGCC-1,22,19
AAATGTGGGTGCTCCT-1,6,20
AAATTAACGGGTAGCT-1,23,21
AAATTAATAAGCGCGA-1,22,5
AAATTACACGACTCTG-1,12,29
AAATTACCTATCGATG-1,19,32
AAATTCCAGGTCCAAA-1,23,38
AAATTGATAGTCCTTT-1,33,13
AAATTTACCGAAATCC-1,8,30
AAATTTGCGGGTGTGG-1,29,14
AACAACTGGTAGTTGC-1,20,17
AACAATACATTGTCGA-1,36,15
AACAATTACTCTACGC-1,20,12
AACACGACTGTACTGA-1,10,23
AACACGAGACGCGGCC-1,28,10
AACAGCTGTGTGGCAA-1,35,13
AACAGGAAATCGAATA-1,13,24
AACAGGATGGGCCGCG-1,20,13
AACAGGTAGTATGGAT-1,30,37
AACATATCAACTGGTG-1,19,33
AACATTGAAGTTGATC-1,39,11
AACATTGTGACTCGAG-1,38,19
AACCAAGACTTCTCTG-1,24,11
AACCAGTATCACTCTT-1,8,31
AACCATGGGATCGCTA-1,12,13
AACCCAGAGACGGAGA-1,13,16
AACCCATCCCATGATC-1,34,8
AACCCGAGCAGAATCG-1,34,37
AACCCTACTGTCAATA-1,26,32
AACCCTGGTGGAACCA-1,9,25
AACCGAGCTTGGTCAT-1,17,25
AACCGCTAAGGGATGC-1,29,31
AACCGTTGTGTTTGCT-1,11,23
AACCTAAAGCCGTCCG-1,5,28
AACCTTTAAATACGGT-1,33,24
AACCTTTACGACGTCT-1,13,31
AACGAAAGTCGTCCCA-1,35,7
AACGATAATGCCGTAG-1,32,26
AACGATAGAAGGGCCG-1,13,20
AACGATATGTCAACTG-1,17,26
AACGCATGATCTGGGT-1,15,35
AACGCGACCTTGGGCG-1,39,20
AACGCGGTCTCCAGCC-1,17,23
AACGCTGTTGCTGAAA-1,33,32
AACGGACGTACGTATA-1,31,31
AACGGCCATCTCCGGT-1,29,16
AACGTACTGTGGGTAC-1,30,17
AACGTCAGACTAGTGG-1,17,16
AACGTCGCTGCACTTC-1,42,36
AACGTGATGAAGGACA-1,10,28
AACGTGCGAAAGTCTC-1,24,26
AACTACCCGTTTGTCA-1,29,37
AACTAGCGTATCGCAC-1,7,18
AACTAGGCTTGGGTGT-1,33,22
AACTCAAGTTAATTGC-1,25,17
AACTCCAGAGCGTGTT-1,36,31
AACTCCTAATCCCATG-1,11,31
AACTCTCAATAGAGCG-1,23,31
AACTCTCAGTGTGCTC-1,32,16
AACTGATATTAGGCCT-1,13,23
AACTGGGTCCCGACGT-1,15,23
AACTGGGTTCGAGCCG-1,7,30
AACTGGTGTGGGCCTT-1,9,19
AACTTGCCCGTATGCA-1,20,12
AACTTTACGGGAGCTT-1,21,6
AACTTTAGCTGCTGAG-1,8,19
AAGAAAGTTTGATGGG-1,43,6
AAGACCAAATAACTCA-1,37,6
AAGACCCAACTGAACA-1,36,20
AAGACTGCAAGCTACT-1,24,24
AAGAGATGAATCGGTA-1,19,12
AAGAGCTCTTTATCGG-1,23,27
AAGAGGATGTACGCGA-1,25,13
AAGAGGCATGGATCGC-1,24,28
AAGATGGCACCGGACC-1,35,16
AAGATTGGCGGAACGT-1,18,30
AAGCACCCTGCGTATC-1,35,26
AAGCATACTCTCCTGA-1,32,24
AAGCCGAAGCGGTTTA-1,30,35
AAGCGCAGGGCTTTGA-1,39,26
AAGCGGCGTCATGGGT-1,10,33
AAGCGTCCCTCATCGA-1,34,14
AAGCTAGATCGAGTAA-1,31,24
AAGCTATGGATTGACC-1,44,5
AAGCTCGTGCCAAGTC-1,23,26
AAGCTCTTTCATGGTG-1,34,28
AAGGAGAACTTATAAG-1,7,21
AAGGAGCGGTTGGTGC-1,20,18
AAGGATCGATCGCTTG-1,25,36
AAGGATGAGGGACCTC-1,19,30
AAGGCGCGTAAAGCTT-1,17,15
AAGGCTGTGCTCATCG-1,21,18
AAGGGACAGATTCTGT-1,18,31
AAGGGACTATGCATTC-1,36,12
AAGGGTTTGATTTCAG-1,35,5
AAGGTATCCTAATATA-1,18,28
AAGGTGATAAACCAGC-1,28,31
AAGTAGAAGACCGGGT-1,15,18
AAGTAGTGACGCGAGG-1,22,13
AAGTCAATTGTCGTCA-1,28,34
AAGTCTTCTGTGGCCT-1,25,5
AAGTGACGACCGAATT-1,26,12
AAGTGAGTCGGGTTTA-1,37,18
AAGTGCAAAGGTAGAC-1,20,7
AAGTGCCTTGACTGTA-1,28,35
AAGTGCGTTAGAATCT-1,30,12
AAGTTCACTCCAAGCT-1,34,29
AAGTTCAGTCTGCGTA-1,14,35
AAGTTCGGCCAACAGG-1,29,14
AAGTTGTGATGTTATA-1,39,35
AAGTTTACTAATGGCA-1,8,22
AAGTTTATGGGCCCAA-1,40,25
AATAACAACGCTCGGC-1,24,13
AATAACACTAGAACAA-1,32,15
AATAAGTCCTCGAGAC-1,8,25
AATACAATGTTTCAGG-1,17,10
AATAGAACAGAGTGGC-1,32,18
AATAGAATCTGTTTCA-1,30,29
AATAGCTACCGCGTGC-1,15,37
AATAGTCCGTCCCGAC-1,34,21
AATATCAAGGTCGGAT-1,9,17
AATATCCTAGCAAACT-1,29,5
AATATCGAATCAATGC-1,30,36
AATATCGAGGGTTCTC-1,19,34
AATATTGGAGTATTGA-1,24,11
AATCCAAGGGCCTGAG-1,12,18
AATCGCCTCAGCGCCA-1,25,27
AATCGGGACACTACGA-1,9,22
AATCGGTATAGCCCTC-1,41,36
AATCTAGGTTTACTTG-1,32,9
AATCTATGCCGGAGCC-1,19,36
AATCTCTACTGTGGTT-1,25,7
AATCTGCGTTGGGACG-1,22,31
AATCTGGCTTTCTAGT-1,31,9
AATGACAGCAATGTCT-1,30,13
AATGACGTAGGATGTC-1,28,27
AATGACTGTCAGCCGG-1,17,18
AATGATGATACGCTAT-1,17,31
AATGATGCGACTCCTG-1,18,34
AATGCAACCGGGTACC-1,18,21
AATGCACCAAGCAATG-1,15,33
AATGGTCCACCGTTCA-1,21,9
AATGGTTCTCACAAGC-1,15,14
AATGTATGGCACTGTA-1,38,7
AATGTGCCCGAGGTGT-1,33,12
AATGTTGTCGTGAGAC-1,40,36
AATTAAAGGTCGGCGT-1,26,19
AATTAACGGATTTCCA-1,35,23
AATTACGAGACCCATC-1,35,6
AATTCATAAGGGATCT-1,17,31
AATTCATTGTCATGCA-1,37,7
AATTCCAAGCATGTAC-1,39,21
AATTCTAGAGTTAGGC-1,30,23
AATTGAACGCTCTGGT-1,28,28
AATTTGGGACATAGTA-1,12,31
AATTTGGTTCCAAAGA-1,11,24
ACAAACCATGCGTCCT-1,38,9
ACAAACCGACAAGGCG-1,5,27
ACAAAGAAGGTAGGCC-1,29,5
ACAAATCGCACCGAAT-1,31,28
ACAAATGGTAGTGTTT-1,28,29
ACAACAGCATGAGCTA-1,22,25
ACAACGGTCCCTGCGA-1,16,13
ACAAGCAGTGCCTAGC-1,21,12
ACAAGCTATATGGAAG-1,24,5
ACAAGGAAATCCGCCC-1,30,26
ACAAGGACAAGAGGTT-1,20,15
ACAAGGATGCTTTAGG-1,36,30
ACAAGGGCAGGCTCTG-1,28,26
ACAAGTAATTGTAAGG-1,44,10
ACAATAGTCGTACGTT-1,27,10
ACAATCCATTTAAACC-1,24,14
ACAATCGATCTTTATA-1,6,22
ACAATGAATACGGAGA-1,34,13
ACAATTGTGTCTCTTT-1,31,33
ACAATTTAGGAGGCTC-1,21,7
ACAATTTGAGCAGTGG-1,20,28
ACACAAAGACGGGTGG-1,17,21
ACACACCAGGACCAGT-1,28,30
ACACACTTTCTACACG-1,12,23
ACACATGATCAAATCT-1,36,9
ACACATTTCCGTAGAC-1,42,24
ACACCCAGCATGCAGC-1,17,19
ACACCCGAGAAATCCG-1,15,16
ACACCTTAAGTAGGGC-1,18,17
ACACCTTACTACTTGC-1,26,37
ACACGAGACTCCTTCT-1,21,25
ACACGGCACTATGCAT-1,9,25
ACACGGGAACTTAGGG-1,19,25
ACACTGATCAAGGTGT-1,32,18
ACACTGGGACAGTCGT-1,35,38
ACAGAACTGAGAACAA-1,32,11
ACAGATTAGGTTAGTG-1,9,21
ACAGCATAGAGCCAGT-1,10,21
ACAGCGACATTCTCAT-1,35,33
ACAGCGCACCCGCAGC-1,10,28
ACAGGCACGGATCCTT-1,40,32
ACAGGCTTGCCCGACT-1,32,30
ACAGGTGGAGGTGAGG-1,31,16
ACAGGTGTGTTGTTGC-1,25,4
ACAGTAATACAACTTG-1,29,8
ACATAAGTCGTGGTGA-1,35,7
ACATAATAAGGCGGTG-1,16,23
ACATCAGCTGGGACGC-1,22,8
ACATCCCGGCCATACG-1,33,21
ACATCCTGGTAACTGT-1,27,34
ACATCGATCGTTTACC-1,27,22
ACATCGCAATATTCGG-1,44,12
ACATCGGTCAGCCGCG-1,26,15
ACATCGTATGCAATGG-1,28,28
ACATCGTTAACCTAGT-1,10,26
ACATCTCAACGCGTAA-1,7,26
ACATGGCGCCAAAGTA-1,26,35
ACATTAGTTTATATCC-1,31,22
ACATTTGAAACCTAAC-1,42,33
ACCAAACTAGAAATCC-1,7,24
ACCAACACCACACACT-1,15,36
ACCAACGCTTATTTAT-1,32,19
ACCAAGAACGCGTGTC-1,14,19
ACCAAGTCATCGGCAG-1,41,35
ACCACAACTCAGAACA-1,9,28
ACCACAAGTTTCTATC-1,21,20
ACCACCAATGTAACAA-1,26,35
ACCACGTGCAGCTATA-1,30,26
ACCAGACCATAACAAC-1,25,5
ACCAGCCCGGTCTTTG-1,7,25
ACCAGGAGTGTGATCT-1,7,20
ACCAGTGCGGGAGACG-1,30,32
ACCATATCCGCAATAA-1,25,21
ACCATCCGCCAACTAG-1,28,8
ACCATCGTATATGGTA-1,27,17
ACCCAACGCCCGTGGC-1,21,29
ACCCACCTACATGCTC-1,18,12
ACCCATCTTGAGGGTA-1,24,15
ACCCATTTGTCCCTCT-1,36,33
ACCCGAGCGAAATTAC-1,36,13
ACCCGGAAACTCCCAG-1,34,23
ACCCGGATGACGCATC-1,25,33
ACCCGGTTACACTTCC-1,27,18
ACCCGTAGCAGAGAAT-1,42,7
ACCCGTGTCATCAGTA-1,35,20
ACCCTATGCCATATCG-1,34,16
ACCCTCCCTTGCTATT-1,30,29
ACCCTTCATCTGCGAA-1,12,23
ACCCTTTAGTTCTCCA-1,8,28
ACCGAAAGGGCCCTGC-1,10,20
ACCGAAGAGTCTGGTT-1,34,7
ACCGACACATCTCCCA-1,36,24
ACCGACTGAGTCCCAC-1,20,23
ACCGATGGTAGCATCG-1,24,31
ACCGCAATAACTGCCT-1,31,27
ACCGCGGTGGAAGTCG-1,28,35
ACCGCTAGTCATTGGT-1,43,14
ACCGGGCCTTTGTTGA-1,29,33
ACCGGTCAGGTACACC-1,35,9
ACCGTCCACTGGGCCC-1,37,6
ACCGTTCCCGCTCTGA-1,8,23
ACCTAAGTACCTTTCA-1,31,13
ACCTAATCGACTTCCT-1,22,13
ACCTACAGTATGTGGT-1,26,37
ACCTACTATAAATCTA-1,40,21
ACCTCCGTTATTCACC-1,23,37
ACCTGCGTGTCATGTT-1,29,10
ACCTTTCCTTTAGAAG-1,5,23
ACGAAATGGGCGGCAC-1,22,11
ACGACTCTAGGGCCGA-1,41,31
ACGAGATATTTGCTTA-1,10,28
ACGAGGATACCACTCT-1,31,10
ACGAGGTTTACAACGT-1,34,8
ACGAGTACGGATGCCC-1,20,35
ACGATACATAGAACTA-1,16,28
ACGATACCTATCCTGA-1,22,5
ACGATCATACATAGAG-1,18,23
ACGATCATCTTGTAAA-1,24,34
ACGATGCATATGTTAT-1,24,17
ACGATGGATCCGATGC-1,10,25
ACGCAAACTAATAGAT-1,37,18
ACGCAATCACTACAGC-1,18,36
ACGCATTCGTGAGTAC-1,22,22
ACGCCAGATGATTTCT-1,14,26
ACGCCCAGCTGTCGAT-1,7,25
ACGCCGCTAGACGACC-1,27,25
ACGCGAAGTCAGACGA-1,30,21
ACGCGCTACACAGGGT-1,26,13
ACGCGGGCCAAGGACA-1,23,22
ACGCGTTTCTTAAGAG-1,20,6
ACGCTAGTGATACACT-1,20,33
ACGCTGTGAGGCGTAG-1,25,8
ACGCTTAGTGTCTCTC-1,7,28
ACGGAATTTAGCAAAT-1,13,12
ACGGACTCTCAAAGCG-1,36,26
ACGGAGCGCAAATTAC-1,14,36
ACGGCCAACATGGACT-1,32,20
ACGGCTGGATGTAGAA-1,36,7
ACGGGAGTGTCGGCCC-1,29,12
ACGGGTTGTGACCTGT-1,42,6
ACGGTCACCGAGAACA-1,41,8
ACGTACAGATTTCTCT-1,10,23
ACGTAGATTGCTGATG-1,22,24
ACGTATTACTCCGATC-1,26,33
ACGTCCTAAACGAGAT-1,5,22
ACGTCGGGCAACTCGG-1,40,5
ACGTCTCGTTCCGGGA-1,28,6
ACGTGACAAAGTAAGT-1,32,5
ACGTGCGCCTCGTGCA-1,14,23
ACGTGGTCGAATGTGC-1,6,27
ACGTTAATGTCGAAGA-1,26,24
ACGTTAGATTTGCCCG-1,25,16
ACGTTCCGCGCTCCGT-1,9,20
ACGTTCGCAATCAATT-1,22,37
ACGTTCGTTCAGGAAA-1,36,17
ACGTTGTCGTTGAAAG-1,43,13
ACGTTTAGTTGTGATC-1,12,24
ACTACAAAGAGAGGTG-1,41,19
ACTACATCCCGACAAG-1,37,9
ACTACCAGCTCTCTGG-1,18,16
ACTACGCGTTAGAATT-1,36,21
ACTAGTTGCGATCGTC-1,31,35
ACTATATGCTGTGTTC-1,12,35
ACTATCCAGGGCATGG-1,25,36
ACTATTCGTCCGTGGT-1,12,26
ACTATTTCCGGGCCCA-1,35,16
ACTCAAGTGCAAGGCT-1,36,29
ACTCAATAAAGGCACG-1,18,24
ACTCAGACCTGCTTCT-1,10,17
ACTCCCATTCCTAAAG-1,29,9
ACTCCCGAATTCGTTT-1,22,35
ACTCCCTAATGCTAAA-1,34,24
ACTCCCTAGAATAGTA-1,30,25
ACTCCGGCCGACCACT-1,41,30
ACTCGTAACCCGTCCT-1,30,11
ACTCGTCAGTAATCCC-1,24,27
ACTCTCTGACTTAGGT-1,27,27
ACTCTCTTATACACGA-1,9,29
ACTCTGACCTAATAGA-1,40,33
ACTCTTGTATAGTAAC-1,24,25
ACTGAAACGCCGTTAG-1,34,31
ACTGATTTAGTGATTC-1,7,28
ACTGCCCGCCATTCTC-1,40,13
ACTGCCGTCGTAACTC-1,13,25
ACTGCTCGGAAGGATG-1,32,7
ACTGTACGATACACAT-1,21,27
ACTGTAGCACTTTGGA-1,19,16
ACTGTCCAGGATTATA-1,22,20
ACTGTCTTCTTTAGAA-1,21,23
ACTGTGCTAGTAGATC-1,12,13
ACTGTTTAGTGTAGGC-1,7,21
ACTTACCGGGCGCGCA-1,11,32
ACTTACGCATCCACGC-1,35,27
ACTTAGTACGACAAGA-1,12,14
ACTTATACTTACCCGG-1,24,30
ACTTATTAGGATCGGT-1,25,19
ACTTATTTATGTGCCA-1,29,30
ACTTCAGGCTGATCCC-1,31,28
ACTTCCAGTGGAAGCT-1,34,5
ACTTCGCCATACGCAC-1,19,26
ACTTGACTCCCTCTTT-1,27,25
ACTTGCCATATTGTAC-1,7,21
ACTTGCTCTATCTACC-1,40,5
ACTTGGGACCCGGTGG-1,20,19
ACTTGTAGTCCCTTCA-1,28,7
ACTTGTGGATGGAACG-1,32,36
ACTTTACCCTCATGAA-1,22,35
ACTTTCCTATAGCTTC-1,20,22
ACTTTGACTGCATCCT-1,25,7
ACTTTGGTCGTGCTCC-1,36,8
AGAAATTATGACTCGC-1,32,38
AGAACCCTCAATTGGG-1,36,7
AGAACGTGGTACATTC-1,19,26
AGAACTGTACTTTGTA-1,43,32
AGAAGGTACACTTCAC-1,32,8
AGAAGGTTGCCGAATT-1,27,17
AGAAGTGATTCGTGAT-1,30,12
AGAATAAATCTTCAGG-1,24,7
AGAATTATGGATTCGA-1,22,33
AGACATAGATCCTTCC-1,9,18
AGACCAAACCACACCT-1,31,7
AGACCATGGGATACAA-1,16,12
AGACCCACCGCTGATC-1,30,23
AGACCCGCCCTCCTCG-1,18,21
AGACCGGGAAACCCTG-1,26,9
AGACGAAGTGCCGGTC-1,30,33
AGACGACGATGCCGCT-1,32,14
AGACGGGATTGGTATA-1,6,27
AGACTAGCCTTCCAGA-1,20,18
AGAGAAACACCAGAAA-1,40,14
AGAGAACCGTCTAGGA-1,18,30
AGAGAAGGAGTACAAT-1,35,14
AGAGATCTCTAAAGCG-1,26,10
AGAGCAGTTATGAGAC-1,20,10
AGAGCCGCCGAGATTT-1,35,37
AGAGCGGGCTAATCAT-1,13,23
AGAGCGTACAAGCTCG-1,17,12
AGAGGCTTCGGAAACC-1,31,34
AGAGGTATCTCGGTCC-1,7,19
AGAGTAAACTTCACTA-1,30,35
AGATAACTTCAGGGCC-1,22,17
AGATACCAATAGAACC-1,38,36
AGATACCGGTGTTCAC-1,26,15
AGATACGACTTCATAT-1,13,14
AGATACTCAAGATCGA-1,29,28
AGATCGTGCATAAGAT-1,16,33
AGATCTCAGGTGTGAT-1,20,26
AGATGACTCGCCCACG-1,16,20
AGATGAGGGTTGCGAT-1,12,33
AGATGATGGAGTCTGG-1,23,35
AGATGCAAGACGTGCA-1,35,11
AGATGCATCCTGTGTC-1,30,6
AGATTATAGGACGTTT-1,24,20
AGATTCACAACCGATA-1,32,8
AGCAAAGGCCGCTAGT-1,36,25
AGCAACATATCTTATT-1,26,31
AGCAACCGAAAGTAAT-1,34,10
AGCACACGTTTAGACT-1,40,12
AGCACCAGTACTCACG-1,19,23
AGCACTACCGGCCTGT-1,23,10
AGCACTACCTCACCAG-1,32,28
AGCACTTAAGGACGCC-1,21,14
AGCAGAAGGAGAAAGA-1,38,24
AGCAGCCAGATGAATA-1,34,21
AGCATATCAATATGCT-1,31,32
AGCATCATTTCGAAAG-1,32,10
AGCATCGTCGATAATT-1,16,19
AGCCAAGCTTTGTGTC-1,38,21
AGCCACTCCCGTGCTT-1,17,28
AGCCATATAGTATGTG-1,41,23
AGCCCATACATGTAAG-1,27,12
AGCCCGCAACAAGCAG-1,40,20
AGCCCGCACTACAATG-1,42,37
AGCCCGGTAGCCTGTA-1,36,19
AGCCCTAAGCGAAGTT-1,13,23
AGCCCTTCTAATCCGA-1,14,34
AGCCGCAAATTCAAAT-1,24,5
AGCCGTGGCTAAATGT-1,31,11
AGCCTAATACCCACGT-1,31,8
AGCCTTGTCACTGATA-1,42,5
AGCGACAGGAACGGTC-1,31,15
AGCGACATCCCATTCA-1,14,21
AGCGACCAACGATATT-1,18,20
AGCGATGCGCCTAATA-1,38,36
AGCGCATAATGAATCG-1,34,20
AGCGCGGGTGCCAATG-1,17,31
AGCGCTTATGGGCAAG-1,9,32
AGCGGACACTTCGTAG-1,37,22
AGCGGCGGTTAGCGGT-1,31,8
AGCGGGAAGGGTCCAT-1,12,15
AGCGGGTCTGACACTC-1,39,23
AGCGGTTGAGATGTAC-1,5,30
AGCGTGGTATTCTACT-1,28,25
AGCGTTCCGATTTAAA-1,6,31
AGCTAACAAGCAATGT-1,36,14
AGCTAAGCTCCGTCCG-1,44,15
AGCTAAGTACGCAGGC-1,38,29
AGCTAGAAGCAGAAGT-1,16,33
AGCTATTTAATCCAAC-1,13,26
AGCTCCTTCGCACATC-1,32,29
AGCTCTAGACGTTCCA-1,25,26
AGCTCTTCGTAACCTT-1,25,35
AGCTCTTTACTCAGTT-1,26,17
AGCTGAAGTAAACCAA-1,15,29
AGCTGTAACCTCAATC-1,33,12
AGCTTATAGAGACCTG-1,8,18
AGCTTCAATACTTTGA-1,5,26
AGCTTGATCAGGGTAG-1,42,7
AGCTTGATCTTAACTT-1,26,11
AGGAAGCTGTCCGCCG-1,36,23
AGGACAGTCGAATCCC-1,27,29
AGGACATCGCACGTCG-1,13,15
AGGACGACCCATTAGA-1,27,17
AGGACGCTCGATGTTG-1,14,33
AGGATATAGGGATTTA-1,29,32
AGGATCACGCGATCTG-1,30,9
AGGCACGTGACTGTCC-1,34,38
AGGCAGATGCGTAAAC-1,18,29
AGGCATTGTCGTAGGG-1,30,33
AGGCCACCCGTTATGA-1,20,15
AGGCCCATTGTACAGG-1,13,20
AGGCCCTAGAACGCCA-1,28,12
AGGCCTATCATACCAA-1,42,19
AGGCGGTTTGTCCCGC-1,35,9
AGGCTATGGTTAGCTT-1,18,13
AGGCTTCCCGAAGAAG-1,31,17
AGGCTTGCTAGACACC-1,17,10
AGGGAAACGAGGTACT-1,12,30
AGGGACCGGCTGCGTT-1,24,36
AGGGACTCTACGCGAC-1,33,20
AGGGAGACATACTTCG-1,20,37
AGGGCAGCGGCGTGGT-1,9,26
AGGGCGAGCAGCTGAT-1,28,10
AGGGCGTGATCGGCTA-1,14,17
AGGGCTGCAGTTACAG-1,23,23
AGGGTCGATGCGAACT-1,24,33
AGGGTGCTCTCGAGGG-1,23,31
AGGGTGGATAGTGCAT-1,20,7
AGGGTTCCCTTTGGTT-1,21,30
AGGGTTTAGTTCGGGA-1,22,23
AGGTAACCTCCTATTC-1,12,16
AGGTACGATATTGCCA-1,11,26
AGGTAGGTACAAAGCT-1,23,13
AGGTATAATTGATAGT-1,23,36
AGGTCAGGTGAGAGTG-1,29,10
AGGTCGCGGAGTTACT-1,19,35
AGGTGCACGTCCACAT-1,41,35
AGGTGGTGACCTTCGC-1,38,21
AGGTGTATCGCCATGA-1,24,9
AGGTTACACCATGCCG-1,27,38
AGGTTGAGGCACGCTT-1,16,26
AGGTTTCACACACCTT-1,26,24
AGTAACGTTCATCCTG-1,8,31
AGTAACTATAGCAGCC-1,41,35
AGTAATGTCTTGCCGC-1,13,22
AGTAATTTGCAAGCGT-1,40,7
AGTACATCATTTATCA-1,20,36
AGTACGGCCCGTATCG-1,23,7
AGTACGGGCACCTGGC-1,18,27
AGTACGTGGCCTGTCT-1,8,30
AGTACTCTTATGCCCA-1,34,30
AGTAGCGTGAACGAAC-1,6,25
AGTAGGAAGGAAGTTG-1,13,33
AGTAGGTAACATACAT-1,12,19
AGTATAATACTAGGCA-1,18,14
AGTATACACAGCGACA-1,38,18
AGTATGCTGGAGACCA-1,35,12
AGTCAAATGATGTGAT-1,39,14
AGTCAACACCACCATC-1,26,18
AGTCAAGATGACACTT-1,30,30
AGTCACTAGCTCTCGA-1,33,33
AGTCAGCCACCGCCTG-1,13,12
AGTCCATTGGCTGATG-1,27,33
AGTCCCGCCTTTAATT-1,14,31
AGTCGAAACGATTCAG-1,40,5
AGTCGACGGTCTCAAG-1,25,30
AGTCGGCCCAAACGAC-1,18,16
AGTCGGCTCAACTTTA-1,29,11
AGTCGGTTGCGTGAGA-1,26,37
AGTCGTCGACCACCAA-1,34,31
AGTCGTGGGCATTACG-1,31,13
AGTCTAAAGTATACTC-1,20,37
AGTCTCACAAGACTAC-1,33,13
AGTCTTCTCCTCAAAT-1,17,23
AGTGAACAAACTTCTC-1,28,34
AGTGACCTACTTTACG-1,28,19
AGTGAGACTTCCAGTA-1,23,30
AGTGAGCCTCGCCGCC-1,20,34
AGTGAGGGTTTCTGAC-1,9,30
AGTGAGTCGAATTAAC-1,39,36
AGTGATAACCTGCGCG-1,35,30
AGTGATATGAGTAGTT-1,28,19
AGTGATTCAAGCAGGA-1,22,30
AGTGCACGCTTAAGAA-1,32,32
AGTGCGTAGCTCGTAA-1,29,17
AGTGCTAAACACAGCA-1,36,31
AGTGCTTGCACGAATA-1,26,30
AGTGGCCCGCAAATGG-1,42,32
AGTGGCGGCAATTTGA-1,17,32
AGTGGCGTCTGAAGGT-1,37,29
AGTGGCTCCGTCGGCC-1,26,8
AGTGGTGTTACCCGTG-1,29,7
AGTGGTTGCGTATAGG-1,23,6
AGTGTATTGCGCATTG-1,14,32
AGTGTGGTCTATTGTG-1,16,11
AGTTAAACACTTGCGA-1,26,17
AGTTAAGCGGTCCCGG-1,13,28
AGTTAAGTCAACCGCT-1,31,12
AGTTACCGCACATGGT-1,18,8
AGTTACTCTATCGTGG-1,13,30
AGTTATTGAAAGGTAA-1,6,26
AGTTCCTACAGAATTA-1,21,19
AGTTCCTATTTATGTT-1,27,23
AGTTGACGGTCCTTGC-1,38,23
AGTTGCGGTCCTCAAC-1,41,7
AGTTTCGCAGGTCGGA-1,11,22
AGTTTGCACCTGCCTC-1,35,26
AGTTTGGCACGGGTTG-1,30,34
AGTTTGGCCAGACCTA-1,29,13
ATAAACGGACCCGTAA-1,29,22
ATAAACGTTGCACCAC-1,34,35
ATAAAGGCTCGGTCGT-1,23,19
ATAAAGGTCAAGTACG-1,8,29
ATAAATATTAGCAGCT-1,25,12
ATAACGCCGGAGGGTC-1,23,28
ATAACGGAGTCCAACG-1,18,26
ATAAGGTGGAGAACAT-1,31,25
ATAAGTAGGATTCAGA-1,19,34
ATAAGTAGGGCGACTC-1,24,36
ATAAGTTACCGCGACG-1,29,19
ATAATAGCTGTTGAAT-1,29,23
ATAATAGTGTAGGGAC-1,14,13
ATAATCTTGGAGAACC-1,36,27
ATAATTAGCTAAGTAG-1,38,23
ATACAGCGTCCACTGA-1,43,4
ATACAGGCCCTCCAAT-1,34,25
ATACCACGGGCAACTT-1,23,13
ATACCAGCAAATTGCT-1,7,22
ATACCAGGCTAATAGA-1,10,20
ATACCCTCCCGGCCAA-1,44,7
ATACCTAACCAAGAAA-1,35,23
ATACGCCGGCGAAACC-1,26,27
ATACGGAACGTCGTTT-1,34,11
ATACGGGTTTCGATTG-1,16,28
ATACGGTGAAGATGCA-1,22,7
ATACGTCCACTCCTGT-1,29,31
ATACTACCCGTACCAC-1,35,35
ATACTAGCATGACCCT-1,16,22
ATACTTGTTCTCGAGC-1,21,7
ATAGACAACGGGACCT-1,20,31
ATAGACGAAGAGAAAG-1,22,17
ATAGAGTACTGGGACA-1,18,18
ATAGAGTTATCAACTT-1,19,31
ATAGATTTGCAGTCGG-1,6,24
ATAGCCATAACAGTCA-1,42,37
ATAGGCGGCTATAGAA-1,27,14
ATAGGCTAGCTTCGCA-1,18,33
ATAGGGATATCCTTGA-1,16,25
ATAGGTTGGGCAGATG-1,20,23
ATAGTCTTTGACGTGC-1,9,24
ATAGTGAAGCGTTCTC-1,26,21
ATAGTTCCACCCACTC-1,25,34
ATATAAATGTAGCTGC-1,33,26
ATATACATGTATGGTA-1,30,5
ATATACGCTCGTGACG-1,37,36
ATATCAACCTACAGAG-1,24,35
ATATCAATTCCAGCCT-1,34,6
ATATCGGTAGGGAGAT-1,25,36
ATATCGTGCCAGACCC-1,7,27
ATATCGTTCCTCGAAC-1,35,31
ATATCTCCCTCGTTAA-1,15,30
ATATCTTAGGGCCTTC-1,23,22
ATATGGGATAGCAACT-1,41,20
ATATGTCTAGAGCGTG-1,43,24
ATATGTCTCCCTAGCC-1,23,33
ATATTCAGTTAAACCT-1,28,16
ATATTCCACATAGTGA-1,31,27
ATATTCCCACAGGTCA-1,11,21
ATATTGCTGTCAAAGT-1,14,14
ATATTTAACCCTCAAG-1,21,20
ATCAAACACTGTTCCA-1,29,35
ATCAAACGAAGGTTTG-1,30,14
ATCAATCTGGGCTGCA-1,22,23
ATCACATTAGAATATC-1,15,28
ATCACGTGCTAATTAA-1,29,15
ATCACTTCATCCTCGC-1,16,24
ATCAGAAGCTGGTTGC-1,44,6
ATCAGACGGCACGCCG-1,28,17
ATCAGCTCGTCCACTA-1,30,9
ATCAGGTCGCCATTGC-1,9,32
ATCAGTAGGCAGGGAT-1,17,30
ATCATAGCCCTATGTA-1,37,35
ATCATCCAATATTTGT-1,25,21
ATCATCTGCCCAGTGT-1,6,29
ATCATTGTACCGCATT-1,37,5
ATCCAACGCAGTCATA-1,18,15
ATCCAATGGAGGGTCC-1,27,12
ATCCAATGGTACCGAA-1,24,6
ATCCACATCGACAGAA-1,37,25
ATCCACGCTAAATGTT-1,8,28
ATCCAGAGCAACAACC-1,31,19
ATCCAGGATTCGTGAA-1,26,18
ATCCTACCTAAGCTCT-1,28,18
ATCCTGAATCGCTGCG-1,25,12
ATCCTGCGTGGAATGG-1,28,18
ATCCTGCTGCAGATAG-1,8,17
ATCGACCCAATACAGA-1,27,23
ATCGACTCTTTCCGTT-1,17,22
ATCGCACGCCGGGAGA-1,18,21
ATCGCCAGTCAACATT-1,28,35
ATCGCTGCGTGCAGCA-1,17,37
ATCGGCAAGCAGTCCA-1,15,32
ATCGGTTACCTAGTAA-1,23,7
ATCGTATTCCGAGAAC-1,20,5
ATCGTTAGCTAGCGGA-1,35,33
ATCGTTCACTTTCGCC-1,10,32
ATCTAATATCCTACGG-1,33,24
ATCTACCATCTGCTCC-1,41,30
ATCTAGCTTGTGAGGG-1,39,23
ATCTCCCTGCAATCTA-1,13,25
ATCTCGTGAGCGAAAC-1,30,38
ATCTGACATGGAAGGA-1,37,16
ATCTGCACCTCTGCGA-1,20,34
ATCTGCTGTTATCGCC-1,39,21
ATCTGGGCTGTTCTTG-1,36,24
ATCTGGTTAAGACTGT-1,18,26
ATCTGTAATTGTACCC-1,13,21
ATCTTGACCTGCAACG-1,18,17
ATCTTGACTTGTCCAA-1,21,36
ATGAAGCCAAGGAGCC-1,16,18
ATGAAGTGGACCCAGC-1,21,5
ATGACGCCGGCTCTAA-1,13,21
ATGACGCGTTCTATCC-1,32,13
ATGACTATCAGCTGTG-1,37,17
ATGACTATGCGACATT-1,30,30
ATGAGGAGTGTTAATC-1,18,14
ATGATCGGGAATAGAC-1,13,20
ATGATGCAATGGTACA-1,28,19
ATGCACGCGCTGTTCA-1,35,7
ATGCACTACCGCATTG-1,19,17
ATGCATGATCCAGGAT-1,18,23
ATGCATTCCGTGATGG-1,7,19
ATGCCAATCGCTCTGC-1,13,35
ATGCCATTTGCGACCA-1,27,31
ATGCCGGTCTTGCATA-1,21,26
ATGCCGGTTGATGGGA-1,15,28
ATGCGACAGTCCCATT-1,23,25
ATGCGAGTCCCACCAC-1,30,35
ATGCTCAGTGTTGCAT-1,16,13
ATGCTTAGGAGTTGAT-1,34,37
ATGGAAATTTAAGGAG-1,32,6
ATGGAGCAGGCCGTGA-1,24,23
ATGGATCCGGCGTCCG-1,15,27
ATGGATTGACCAAACG-1,19,22
ATGGCAGCCGAGAAAC-1,22,7
ATGGCTGGAAATGGCC-1,10,31
ATGGGAACGGAAGCGG-1,7,30
ATGGGCCTCGGCCTCT-1,28,31
ATGGTATTTACTGATT-1,40,8
ATGGTCGCGTGGTTTC-1,28,29
ATGGTGCTCAAAGCCA-1,6,21
ATGTAAGGCTGCTCTT-1,22,37
ATGTACATGCGGTGAG-1,38,37
ATGTACGATGACGTCG-1,39,23
ATGTCTTGTTTGACTC-1,43,14
ATGTGAAAGCCTAATG-1,29,11
ATGTGCATCCGACGCA-1,17,21
ATGTGGACATCTTGAT-1,29,25
ATGTGTAGTTTAGTCA-1,8,21
ATGTTACGAGCAATAC-1,13,13
ATGTTCGTCGACCCAC-1,23,8
ATGTTGATTAGAGACT-1,40,31
ATGTTGTAGTCTGTTT-1,38,18
ATTAAACATGCGGACC-1,27,21
ATTAATACTACGCGGG-1,16,23
ATTAATGAACCAGTCG-1,17,27
ATTAATTCGGTCACTC-1,12,23
ATTACAACTACCGGCC-1,11,30
ATTACATGTCAGTCTT-1,31,36
ATTACGCGCTGGCAGG-1,26,13
ATTACGGGCTACGGTT-1,40,5
ATTACTAGCCTCTTGC-1,14,17
ATTACTTACTGGGCAT-1,16,33
ATTAGATTCCTCAGCA-1,18,35
ATTAGATTGATAGCGG-1,15,19
ATTAGGCGATGCTTTC-1,24,25
ATTATACTTTGCTCGT-1,14,27
ATTATAGCTACTTTAC-1,22,38
ATTATCGGAATGTACG-1,40,21
ATTATCTCGACAGATC-1,9,22
ATTATGCCATAGGGAG-1,16,20
ATTATTATGTCCGTCA-1,35,15
ATTATTCAGAGTCACT-1,39,33
ATTCAACCATTTAAGG-1,35,33
ATTCACTGATGTTGGA-1,34,24
ATTCAGGACCTATTTC-1,15,33
ATTCAGGATCGCCTCT-1,6,30
ATTCAGTAGCAGGGTC-1,19,12
ATTCATATACTGTCCA-1,29,22
ATTCATCGTTGAGGCA-1,36,30
ATTCCCACATAAACAA-1,18,11
ATTCCCGAAGGTACAG-1,36,4
ATTCCTAAGACGTGGA-1,13,35
ATTCCTCCGCCAGTGC-1,17,16
ATTCGACGCCGGGCCT-1,24,12
ATTCGTGCTATCTCTT-1,27,36
ATTCTCGTCTCTTTAG-1,11,19
ATTCTGAGTATGAACT-1,8,29
ATTCTTCGTACTTATG-1,10,30
ATTGAAGATCTTAGTG-1,21,19
ATTGACGTAACTCGGT-1,9,25
ATTGATCACCACATTT-1,32,7
ATTGATGAGTCCTAAC-1,22,33
ATTGCCTTTATGTTTG-1,38,29
ATTGCGATCAGTAACT-1,31,33
ATTGCTGCTCCTCCAT-1,23,17
ATTGGGAATATCTTGG-1,11,19
ATTGGTTGTGCATTAC-1,42,35
ATTGTACAACTCGGCT-1,23,34
ATTGTCGCAATACCTT-1,13,29
ATTGTCTGTTTCATGT-1,41,20
ATTTAACTCGTATTAC-1,12,19
ATTTACAGTTTACTGG-1,21,15
ATTTACTAAGTCCATT-1,21,37
ATTTCATTATTTCGCG-1,12,27
ATTTCCGGGTTCTGCG-1,33,14
ATTTGCCTAGTTACGA-1,6,22
ATTTGCGCGAGTAGCT-1,32,13
ATTTGGAGATTGCGGT-1,35,4
ATTTGTCTTGGGAGCT-1,26,29
ATTTGTTCCAGGGCTC-1,15,25
CAAACCAGGTCTGCAT-1,24,4
CAAACGAGTATCGCAG-1,29,18
CAAACGGTCGCACTTT-1,21,16
CAAACGTGGTCTTGCG-1,7,27
CAAACTACGATAGAGA-1,11,29
CAAACTATTGAGCTTC-1,11,26
CAAACTCGCGACGCCG-1,28,37
CAAAGATTATTGGGCC-1,34,13
CAAATCTCTCACAAGG-1,28,11
CAAATGTCCTTCCGTG-1,28,20
CAAATTGTCAGCAAGC-1,12,24
CAACAGTGCCAAACGG-1,5,25
CAACCAGTGGCCTACC-1,36,38
CAACCTACCGAGCAGT-1,36,34
CAACGACCCGTTTACA-1,15,19
CAACGAGCTTATTATG-1,44,7
CAACGCGATGAGCCAA-1,43,15
CAACGGTTCTTGATAC-1,14,15
CAACGTGGTGGAGTCT-1,33,37
CAACTATATCGAATGC-1,13,27
CAACTCCAACGTTTAG-1,7,29
CAACTCCTTGATCCCG-1,14,18
CAACTGCTCATCCGAT-1,35,20
CAACTTGTAGTGGGCA-1,10,16
CAAGAGGGCGGAGTAC-1,29,26
CAAGATATTATAACGT-1,28,30
CAAGCAACGTCGGAGT-1,22,15
CAAGCACCAAATGCCT-1,14,23
CAAGCGGCACATAATT-1,33,25
CAAGGATCGCATGTTC-1,26,24
CAAGGCCAGTGGTGCA-1,39,33
CAAGGTCCTATAGGCT-1,23,36
CAAGTAAGTGATAGAC-1,40,20
CAAGTGAACTTTGGTT-1,8,20
CAAGTGTGGTTGCAAA-1,26,32
CAATAAACCTTGGCCC-1,18,26
CAATACGCTCTGAGGC-1,26,7
CAATATTCTTGACCTA-1,33,16
CAATCCCTATACCAGC-1,11,30
CAATGCGAGAAGTATC-1,33,28
CAATGGAATCTACATA-1,10,31
CAATGGATCTCTACCA-1,20,29
CAATGGTCGGCCTGGG-1,8,21
CAATTAAGGGTGATGA-1,20,23
CAATTGGGCCGCACTC-1,34,5
CAATTTCGTATAAGGG-1,24,23
CACAAACCGCAGAACT-1,41,38
CACAATGAGCTGCTAT-1,27,19
CACACAGCTTGCGCTC-1,29,38
CACACAGGGATAGATT-1,18,12
CACACGCGCTGTCTTA-1,22,30
CACACGTTTCAATGGG-1,8,30
CACAGCACCCACGGCA-1,21,21
CACAGCTAGGGAGTGA-1,15,22
CACAGGGCCATATAGT-1,34,33
CACAGGGCCGTTGTCA-1,37,22
CACAGTCCCGCTTCGC-1,36,37
CACAGTTCGCTTCCCA-1,33,37
CACATATTAGCAGGAT-1,29,26
CACATCTCACCGACGA-1,34,26
CACATGATTCAGCAAC-1,25,23
CACATTCTTTCGATGG-1,14,30
CACATTTCTTGTCAGA-1,28,36
CACCAATCATCCGTCT-1,33,5
CACCACGCCACACAGA-1,26,7
CACCAGTCAGCATGCA-1,36,11
CACCATCGGAGGAGAC-1,11,22
CACCCAAATCTTATGT-1,23,35
CACCCACACGTCACCC-1,14,17
CACCCACGAGGCAATT-1,15,29
CACCCGCGTTTGACAC-1,42,38
CACCCGGTTTGTGACT-1,32,16
CACCCTAACAAGATCT-1,34,28
CACCCTTGGTGAGACC-1,31,9
CACCCTTTCCTCGCTC-1,9,16
CACCGATACACCGAGC-1,10,29
CACCGATGATGGGTAC-1,41,38
CACCGCCAGAAGGTTT-1,19,21
CACCGCCGACCAGCGA-1,10,24
CACCGCGTCCACTCTA-1,13,35
CACCGGAGATATCTCC-1,9,31
CACCGTATCCCATCCG-1,32,35
CACCGTTGCGCGATAT-1,29,13
CACCTAATAGAGTCGT-1,14,12
CACCTAATCAGTTTAC-1,15,25
CACCTCGATGGTGGAC-1,14,25
CACCTTGCGAAACTCG-1,17,29
CACCTTGGCGCCTTTG-1,27,34
CACGAAAGTTAGTCCC-1,22,13
CACGCACAGCGCAGCT-1,17,25
CACGCAGCGAGGCTTT-1,21,17
CACGCGGAACTGTTGC-1,27,33
CACGGCGCGCCAAAGG-1,13,34
CACGGGATTGAGGGTT-1,21,7
CACGTCAATCAATGGA-1,37,38
CACGTCGGCAACCTCT-1,30,15
CACGTCTATGATGTGG-1,9,32
CACGTTCGTGCTCTAG-1,24,28
CACGTTTCGTACACAC-1,33,31
CACTAAAGTTGCCTAT-1,23,19
CACTACTCAGTTCTGT-1,8,26
CACTCAAGAGCTATGG-1,25,21
CACTCAGCTCTTGAGG-1,11,25
CACTCCTATGTAAGAT-1,34,15
CACTCCTCTCGGTCGG-1,13,30
CACTCGAGCTGAACAA-1,30,26
CACTCGGTTAGGAGGA-1,23,8
CACTCTCAAGCATCGA-1,40,18
CACTCTTCTGCTAGCC-1,35,34
CACTGACGATTGTGGA-1,38,19
CACTGTCCAAGTGAGA-1,15,17
CACTTAATCAGACGGA-1,23,18
CACTTCGCCACAGGCT-1,16,13
CAGAACTTAGCCCTCT-1,32,29
CAGAATAACACACGGA-1,33,37
CAGACACCGATCGCTG-1,32,19
CAGACCTGTAAGTGTT-1,21,33
CAGACGAACCTGATAC-1,31,19
CAGAGACGGTCACCCA-1,31,21
CAGAGCATGAGCTTGC-1,18,25
CAGAGGCGATGCATGA-1,33,18
CAGAGTGATTTAACGT-1,10,24
CAGATACTAACATAGT-1,18,18
CAGATCATTTAAAGTC-1,16,36
CAGATCCTGGTTTGAA-1,33,9
CAGATGTTTGTCCCAA-1,32,5
CAGCAGCCCGTTCCTT-1,20,27
CAGCAGTCCAGACTAT-1,31,33
CAGCCCTCACAGGCAG-1,7,23
CAGCCGGGCCCTCTAT-1,11,29
CAGCCTCCTGCAGAGG-1,17,27
CAGCGATTCCCTTCAA-1,32,17
CAGCGCCAACACGATA-1,24,6
CAGCTCACTGAGACAT-1,22,21
CAGCTCGACAAGTTAA-1,20,30
CAGCTCGTGCTTGTGT-1,12,17
CAGCTCTGGGCTCACT-1,42,14
CAGCTGGCGTAACCGT-1,30,11
CAGCTTAGTAGGTAGC-1,22,12
CAGGAAGACTTTATAT-1,12,29
CAGGATATATCGTTGT-1,28,22
CAGGCCAGTACCACCT-1,41,9
CAGGCCGTTTGGGTGT-1,25,17
CAGGCGCACGGTGGTC-1,34,12
CAGGCGCCATGCTAGG-1,30,26
CAGTAAGGGACGTCTC-1,38,5
CAGTAATCCCTCCCAG-1,16,12
CAGTACATTCTCTAAA-1,15,34
CAGTACCAGTTTACGT-1,30,10
CAGTAGCCCACGCGGT-1,18,31
CAGTCGAGGATGCAAT-1,18,33
CAGTCGGCCTAGATAT-1,28,5
CAGTCTGTATACTGGG-1,27,23
CAGTGAATAAATGACT-1,18,28
CAGTGTCCGCAGAATG-1,13,15
CAGTGTCGGCTGGCCC-1,32,31
CAGTGTTAATCTCTCA-1,41,9
CAGTTCAAATTGACAC-1,20,19
CAGTTCCGCGGGTCGA-1,18,12
CAGTTCGAGGACCCGA-1,40,19
CATAACGGACAGTCGT-1,24,32
CATAAGAAGCTTGGCT-1,35,25
CATAAGCTCTCCGTCT-1,27,8
CATAATGAGCGGGCGA-1,8,18
CATACAAAGCCGAACC-1,12,14
CATACACAAAGTCAGC-1,34,4
CATACACGGTTCCCAC-1,36,20
CATACCCGTACCCAGT-1,24,13
CATACGGCGTCTGGGC-1,25,23
CATACTATGTAATTGT-1,24,18
CATACTTAGGCAATAC-1,24,37
CATAGAGGAGATACTA-1,40,30
CATAGCCGCCCGGGAT-1,18,11
CATAGCGTTGCCCACC-1,33,17
CATAGTACATTGAGAG-1,13,27
CATAGTAGCATAGTAG-1,15,17
CATAGTCCACAAGAAC-1,28,13
CATATACTACTGATAA-1,14,34
CATATAGGTACAGTCA-1,27,20
CATATGTCAGGCTACG-1,30,11
CATATTATTTGCCCTA-1,10,27
CATCATCTACCCGGAC-1,11,24
CATCATTACCCTGAGG-1,32,32
CATCCTCTCAAAGATC-1,33,31
CATCGCCCGCGGCCAA-1,12,17
CATCGGACGGGTTAAT-1,27,21
CATCTATCCCGTGTCT-1,14,33
CATCTGCAGGATCATT-1,20,7
CATCTTACACCACCTC-1,24,33
CATGAACCGACATTTG-1,11,17
CATGAACCTCTTATCA-1,8,24
CATGACTTCGCTGAAT-1,26,35
CATGAGTCCATCACGG-1,43,14
CATGATCGCTTTGAGA-1,39,38
CATGATGCACAATTCT-1,16,24
CATGATGGAAGTTAGC-1,28,34
CATGCACGTGTTACTG-1,7,31
CATGCATGGAGACCCT-1,8,25
CATGCCAACTCGCAAA-1,27,10
CATGCGACCAGTTTAA-1,19,33
CATGCGTTAGACAGAA-1,13,23
CATGCGTTGAGAGGAG-1,42,18
CATGCTGGCTCCAATT-1,11,22
CATGGATTGTCTTCCG-1,33,34
CATGGCAGGAAGATCG-1,14,21
CATGGGTCGGGTGTGG-1,16,29
CATGGTAAGTAGCGTT-1,28,26
CATGGTATTAGTTTGT-1,35,6
CATGGTCTAGATACCG-1,18,23
CATGTAAGAGACATTT-1,33,30
CATGTCTCATTTATGG-1,30,29
CATTACGTCGGCCCGT-1,15,23
CATTATAACAGGGTCC-1,6,23
CATTATGCTTGTTGTG-1,18,19
CATTCACTGACAGCTA-1,8,24
CATTGCAAAGCATAAT-1,6,28
CATTGCGAAATGGGCG-1,24,8
CATTTAGCGGACCATG-1,18,29
CATTTATCGTTCAAGA-1,8,27
CATTTCTAGCAGACTA-1,13,12
CATTTGAGTGGTACGT-1,31,18
CCAAACAGAACCCTCG-1,16,18
CCAAATAACAAGATTC-1,31,37
CCAACGATGCACTGAT-1,21,15
CCAACGCTTGCCAGGG-1,10,33
CCAAGAAAGTGGGCGA-1,32,19
CCAAGACTTCTGCGAA-1,15,22
CCAAGCGTAACTCGTA-1,22,25
CCAAGGAACAGAGAGG-1,12,18
CCAAGGTTGCCCTTTC-1,40,36
CCAATAGTGCCGTCGA-1,23,17
CCAATCGGTAGATCGA-1,12,29
CCAATGTCACAGCAAG-1,24,19
CCAATTACGGGTCGAG-1,15,31
CCAATTGAATGTTAAT-1,15,18
CCACAATGTACGTCTT-1,20,29
CCACACTGAGATATTA-1,25,19
CCACAGTACCCATCCT-1,30,31
CCACATGGCTCTTTAT-1,33,6
CCACCAACTTTACTGT-1,32,16
CCACCCAAGGAAAGTG-1,24,26
CCACGAATTTAACCTC-1,26,36
CCACGAGAAGAGAATC-1,14,26
CCACGGAGCCATAAGA-1,29,12
CCACGGCAGGTGTAGG-1,41,13
CCACGGTGCCCGGTAG-1,23,35
CCACTCAGATCCGCAA-1,42,28
CCACTGGTGGCTGGTT-1,25,10
CCAGAAAGCAACTCAT-1,32,15
CCAGAGACAAAGCCGG-1,17,10
CCAGATAGTTGAGTGA-1,20,29
CCAGCCTGGACCAATA-1,24,23
CCAGCTGATGGTACTT-1,24,10
CCAGCTTCCGCCCGCA-1,20,9
CCAGGGACGTGGCCTC-1,19,20
CCAGTAGTCTGATCCA-1,19,31
CCAGTCAAATCTCTTA-1,27,7
CCAGTCTAGACGGCGC-1,17,29
CCAGTCTTGTCATAGA-1,35,21
CCATAAACAACCCGAC-1,12,26
CCATAACCTGTGCAGT-1,31,6
CCATACCTTTACTTGT-1,21,34
CCATACTCGCCTCTCC-1,22,4
CCATAGAGGCTGCCAG-1,36,5
CCATAGGTTGGCGTGG-1,14,22
CCATATGGAAACTATA-1,32,34
CCATCCATACCAAGTC-1,12,15
CCATCGCAGTTAAACT-1,31,22
CCATCTCACCAGTGAA-1,25,33
CCATGCCCTAGATTTC-1,34,33
CCATGCCTGTTTAGTA-1,23,20
CCATGCTCTGCAGGAA-1,16,17
CCATGGCAAACGCTCA-1,43,16
CCATGGCCCTTGTACC-1,22,11
CCATGTTCATCTATAT-1,40,12
CCATTAGCGATAATCC-1,22,17
CCATTCCCTGCCCACA-1,22,16
CCATTTCTACCTATTA-1,33,25
CCCAAACATGCTGCTC-1,23,30
CCCAACATACGTCGCG-1,27,14
CCCAACCACACTAACA-1,9,23
CCCAAGAATGCACGGT-1,6,30
CCCAAGACAGAGTATG-1,7,19
CCCAAGTCATTACACT-1,40,32
CCCAATGAGATTTGCA-1,36,16
CCCAATTTCACAACTT-1,25,14
CCCACTCCACGGTATC-1,30,5
CCCAGAGGAGGGCGTA-1,16,35
CCCAGATTCCCGTGAC-1,44,15
CCCAGGAAGAATTCGA-1,43,23
CCCAGTAAACTTGGGA-1,32,8
CCCAGTTAAGGCGCCG-1,27,28
CCCGAAGTTTCGCGAA-1,28,7
CCCGACCATAGTCCGC-1,15,26
CCCGAGTTTCTCCGTA-1,30,36
CCCGCAGCGCGAACTA-1,30,24
CCCGCAGGGCCCAAAG-1,11,27
CCCGCCATGCTCCCGT-1,15,16
CCCGCGCAATGCACCC-1,15,11
CCCGCTAGAGGGTTAA-1,5,28
CCCGGGTCGTTCAGGG-1,38,21
CCCGGTGGAAGAACCT-1,18,10
CCCGGTGTATCGGAAT-1,32,9
CCCGTAAGTCTAGGCC-1,26,12
CCCGTAGCTGGGAAGA-1,34,16
CCCGTCAGCGTCTGAC-1,17,19
CCCGTGAGGGCGGTGA-1,28,5
CCCGTTTCGCAGATGT-1,32,35
CCCTACTTGAACAATG-1,41,29
CCCTAGGCAACAAGAG-1,29,5
CCCTATGTAGAGCAGA-1,36,11
CCCTCATCACAGAGTA-1,44,12
CCCTCATTCTGGAATT-1,13,17
CCCTCCTCGCTCGTAT-1,31,35
CCCTCGATAATACACA-1,40,13
CCCTCGGGAGCCTTGT-1,6,21
CCCTGAAATGAGTTGA-1,21,16
CCCTGACTAACAAATT-1,25,8
CCCTGCCCAATCCGCT-1,26,10
CCCTGCGCTACGCATA-1,23,11
CCCTGGCTGTTCCTTC-1,29,6
CCCTGGTATGGGCGGC-1,8,25
CCCTTTAATGGAGTTC-1,37,36
CCCTTTGACAGGTCTT-1,31,21
CCGAAACACGACCTCT-1,44,5
CCGAAAGTGGTGAGCA-1,14,12
CCGAACACTGGGCCTC-1,28,10
CCGAACCTTCCCGGCC-1,30,25
CCGAAGCATTGACCAA-1,36,6
CCGAAGTATATTGTTC-1,16,11
CCGACAAAGGGAGTGC-1,22,10
CCGACAATAGGCCGCC-1,34,37
CCGACGGGCATGAGGT-1,33,12
CCGACGTAAACACAAC-1,12,33
CCGACTCGCATAGTCT-1,7,26
CCGAGAAGTCGCATAA-1,29,37
CCGAGGGATGTTAGGC-1,8,22
CCGATCTCAACCTTAT-1,24,34
CCGATTCGAGGGACCC-1,25,10
CCGCACAAAGACCAAC-1,24,26
CCGCACGTGACCTCGG-1,20,12
CCGCACTTGCAATGAC-1,40,35
CCGCATGTGGTACGAT-1,34,23
CCGCCACCACAATCCA-1,7,23
CCGCCGGAACTTCTCG-1,33,8
CCGCCGGTCAACACAC-1,12,20
CCGCCTTGCGATGTCG-1,27,6
CCGCGATTTGGTAGGT-1,25,7
CCGCGCAAGATACCCA-1,37,5
CCGCGGAATGCGTCAC-1,31,17
CCGCGGGTACGAAGAA-1,22,12
CCGCGTAGGTAAGGGC-1,21,11
CCGCTATCAGCACCAG-1,28,23
CCGCTCCGGATAAGCT-1,43,8
CCGCTGGTGCCATTCA-1,8,26
CCGCTTACCTCACTCT-1,29,14
CCGCTTGCTGACATGG-1,19,37
CCGGAATGGTTTCAGT-1,17,14
CCGGAGCGTACTTTCT-1,35,21
CCGGCACGACCGTTTC-1,23,37
CCGGCCGCGAGCATAT-1,35,5
CCGGCGCATATTGGAT-1,12,21
CCGGCGTGAGACTCTG-1,29,7
CCGGGACCCGCAGAGA-1,13,19
CCGGGCGGTCTCGTCA-1,22,26
CCGGGCTAAGAATTTC-1,41,10
CCGGGCTGCTCCATAC-1,24,29
CCGGGTTCGAGGTTAC-1,25,14
CCGGTAATGGCTAGTC-1,25,37
CCGGTTTGTAATTGTG-1,34,17
CCGTAAGTTGGTCCCA-1,22,27
CCGTACCCAAGCGCCA-1,11,14
CCGTATCTCGTCGTAG-1,32,12
CCGTGCCCATGACGGC-1,11,18
CCGTGGAACGATCCAA-1,17,35
CCGTTACGTTAGAACA-1,15,30
CCGTTCCGAATCTCGG-1,26,11
CCTAAAGGCTGACGCT-1,12,28
CCTAAATTAACGGTTC-1,27,24
CCTAAATTGTATCCTA-1,32,37
CCTAACCCAAACAAGT-1,30,30
CCTAACTAAGGCTCTA-1,16,31
CCTACATTCACAGACG-1,31,14
CCTACGGCTCAGTCGA-1,13,14
CCTACTGCTTACACTT-1,19,19
CCTAGGCGTAGCGATC-1,24,30
CCTAGGTAAAGGTAGC-1,31,7
CCTAGTTAGTCGCATG-1,11,25
CCTATACCGTCCTGTC-1,33,17
CCTATATCGTGTCACG-1,36,7
CCTATATTTGTCCTGG-1,37,19
CCTATCTATATCGGAA-1,15,27
CCTATGAAGTGGTGCC-1,24,37
CCTATGGGTTACCGTC-1,20,24
CCTATGTCCACTCCAC-1,37,31
CCTATTATTCCGGCCG-1,38,5
CCTCAACGATCGCTGT-1,32,4
CCTCACCAATCTTGAC-1,14,14
CCTCACCTGAGGGAGC-1,20,34
CCTCACCTTAGCATCG-1,19,33
CCTCCCGACAATCCCT-1,10,23
CCTCCGACAATTCAAG-1,22,14
CCTCCTGAGCCCACAT-1,25,7
CCTCGAAGTGGACGGG-1,13,25
CCTCGACCCACTGCCT-1,7,26
CCTCGCCAGCAAATTA-1,14,26
CCTCGCGCGATATAGG-1,16,32
CCTCGCGCTGTGCGAT-1,34,21
CCTCGGACCGGGATAG-1,26,29
CCTCGGATGCTACCTG-1,22,7
CCTCTAATCTGCCAAG-1,17,26
CCTCTATCGATTAGCA-1,32,12
CCTCTCTCCCATCTAG-1,23,15
CCTCTGGCCTAGACGG-1,13,26
CCTCTGTACTATTCTA-1,32,22
CCTGAACGATATATTC-1,24,29
CCTGAATATTTACATA-1,17,25
CCTGACCACCGATGGT-1,28,22
CCTGACGCAACCTTTA-1,7,30
CCTGAGAATAAATGCA-1,41,14
CCTGCCCGTTGTCTAG-1,23,7
CCTGCGTTCTACGCTT-1,22,8
CCTGCTATTTGAGAAG-1,18,19
CCTGGAAACGTTCTGC-1,25,37
CCTGGCTAGACCCGCC-1,20,17
CCTGGTCGAATGTGGG-1,35,24
CCTGTAAGACATGATA-1,24,16
CCTGTACTCACGCCCA-1,26,11
CCTGTCACCCGGGCTC-1,20,24
CCTGTCCCTCACGTTA-1,24,37
CCTGTCGCCCGTAAAT-1,24,22
CCTGTGAAACCGTAAC-1,23,5
CCTGTTCAACCTCGGG-1,41,19
CCTGTTTGAAGACACG-1,35,32
CCTTCAGTTAAAGTGA-1,36,18
CCTTCCGCAACGCTGC-1,41,9
CCTTCGTATAGAATCC-1,40,22
CCTTCTCAGCGTTCCT-1,27,9
CCTTCTTGATCCAGTG-1,15,26
CCTTGTGAACGTGGTT-1,42,18
CCTTTAAGGGAGCACT-1,35,19
CCTTTCAATGAAGAAA-1,18,32
CCTTTGAATTATGGCT-1,35,6
CGAAACATAGATGGCA-1,11,27
CGAAACGCAATTCATG-1,26,14
CGAACAGTATGGGCGT-1,31,32
CGAACCCGCATGCGTC-1,30,19
CGAACCTCTTTCCTAG-1,42,10
CGAACGCCCAGTGCCG-1,12,25
CGAACGGCCGGACAAC-1,29,9
CGAAGACGGTGAGTGC-1,22,5
CGAAGATCAGTTTCAT-1,43,25
CGAAGCCACAGCATGG-1,42,7
CGAAGCTATAAATTCA-1,15,35
CGAAGTTGCTCTGTGT-1,22,14
CGAATCTGCTCGACGC-1,37,11
CGAATGAAGTCATTGC-1,37,10
CGAATGACGCATAATG-1,37,21
CGACAATTTGATCTAA-1,27,32
CGACACGCTCCGACAG-1,29,32
CGACAGTTCGCGTTAT-1,24,17
CGACATGCGATCTTCT-1,9,23
CGACCCTTAACGCCGG-1,30,8
CGACCTACTAGACAAT-1,29,4
CGACGCATCCGTACCT-1,31,7
CGACTCAGGATGTTAT-1,17,30
CGACTTGCCGGGAAAT-1,44,9
CGACTTTGTATAGCCT-1,22,36
CGAGACCCTAGAGTGT-1,27,22
CGAGACTACTGCTGCT-1,42,33
CGAGAGATGTGAACCT-1,20,26
CGAGAGCGCGTAGATA-1,28,6
CGAGCACTTCAAGTTT-1,17,12
CGAGCGTTGATCAGCC-1,11,18
CGAGCTGGGCTTTAGG-1,14,24
CGAGGCTAAATATGGC-1,20,25
CGAGGGACTGCGGTCG-1,25,27
CGAGTACTAAAGAGGA-1,28,14
CGAGTGAAGGTACCAG-1,33,13
CGAGTGCTATAGTTCG-1,10,15
CGAGTTCTGTCCCACC-1,19,29
CGAGTTTATCGGACTG-1,24,31
CGATACCTCGCGGACA-1,26,18
CGATAGCGATACAGTG-1,39,7
CGATAGTCGTACTGCA-1,39,30
CGATCCACCATTGTTG-1,42,20
CGATCCGACCCAGTGC-1,25,19
CGATCTGTTGGAGGAC-1,29,11
CGATGGACCCTACGCC-1,16,32
CGATGTTGTTATCTAC-1,35,8
CGATTAAATATCTCCT-1,34,22
CGATTCGCCTGGCTGC-1,34,26
CGCAAACACGAGTTAC-1,19,15
CGCAATTACTTTCGGT-1,17,14
CGCAATTAGGGTAATA-1,20,17
CGCAATTCTACAATAA-1,18,12
CGCACATGTCCACTAC-1,25,30
CGCACGTGCGCTATCA-1,25,33
CGCAGAAACATTTGCG-1,9,21
CGCAGATCTTCACCCG-1,18,37
CGCAGGCGATCCAAAC-1,32,34
CGCATCATGGCTTCAG-1,10,29
CGCATGCCGAATGCGT-1,39,30
CGCATGGTGCGATGCT-1,26,23
CGCATTAGCTAATAGG-1,19,21
CGCCAAGAAGCCGAGT-1,25,9
CGCCACAGGTCGCGAT-1,30,7
CGCCAGTAGTACCTTG-1,43,7
CGCCATCCGATTATGA-1,17,28
CGCCCAGCGTTTCACG-1,38,30
CGCCCGCTTCCGTACA-1,14,28
CGCCCTAATTGTTCAA-1,39,7
CGCCCTTGAAGGCTGA-1,17,10
CGCCGACTATTCGCTA-1,23,6
CGCCTCCCTCCTCTAT-1,27,26
CGCCTGGCCTACGTAA-1,26,12
CGCGACACTGCGCAGC-1,17,8
CGCGAGAGGGACTTGT-1,13,36
CGCGAGTCTGCCGGGT-1,32,10
CGCGCAAATGTCCAGA-1,34,11
CGCGCATGTTTGATTG-1,31,20
CGCGCCCGACTTAATA-1,16,26
CGCGGCTCAACTTGAA-1,27,33
CGCGGGAATTAGGCAG-1,20,28
CGCGGTCACAAACCAA-1,14,35
CGCGTCATATTAAACC-1,6,23
CGCGTGGGCCTGTGTT-1,41,5
CGCGTTCATGAAATAC-1,19,19
CGCTACGGGACATTTA-1,25,18
CGCTAGAGACCGCTGC-1,25,34
CGCTATACCGCCCACT-1,12,15
CGCTATTCAATGTATG-1,15,13
CGCTATTCTTAGGCTC-1,25,22
CGCTCGACATAATGAT-1,16,17
CGCTCTCCGTAGATTA-1,22,15
CGCTGGTGACTACCCT-1,30,33
CGCTGTGACGCCGCAC-1,18,18
CGCTGTGTGGATGTTG-1,35,17
CGCTTAGTATTGATAC-1,39,19
CGCTTATTCCCGGTCG-1,27,13
CGCTTCCACTGAAATC-1,14,17
CGCTTGGACGGATAGA-1,37,38
CGCTTTCATACCGGTG-1,12,19
CGCTTTCTTGCATTCG-1,21,29
CGGAAAGAATCAAACG-1,35,18
CGGAAATTTCACATCC-1,7,28
CGGAACGTAAACATAG-1,29,17
CGGACGTTACTTGAAG-1,27,6
CGGAGCAATTTAATCG-1,33,22
CGGAGCATGGCGATCC-1,25,24
CGGAGCTTATAACACC-1,10,29
CGGAGTTTGAGAGACA-1,21,14
CGGATCCTCAAGGACT-1,36,28
CGGATTCTGCCTTATG-1,44,13
CGGCAAACATCGTGCG-1,32,23
CGGCACCGTTAGCGCC-1,11,30
CGGCAGGGTCGGGTTG-1,22,32
CGGCCACGCACAAAGT-1,23,21
CGGCCAGAGCGACCAT-1,39,19
CGGCCCAACCTGTAGT-1,20,37
CGGCCCAGGTATATCC-1,27,35
CGGCGCCATCAATCCC-1,35,31
CGGCTCTAAAGCTGCA-1,29,36
CGGCTCTTCGTCGAAC-1,9,29
CGGCTGCAAGATTAAG-1,7,24
CGGCTTTGTATGATAA-1,9,21
CGGGAACGCCCTGCAT-1,41,7
CGGGAAGTACCGTGGC-1,41,8
CGGGAATATAGTATAC-1,29,35
CGGGAATTTATGTAAA-1,28,23
CGGGAGCTTCAGTGTA-1,30,31
CGGGATCAATGTAAGA-1,17,21
CGGGCAGCTAAACCGC-1,22,21
CGGGCCTTCTTTGTAA-1,26,20
CGGGTGTACCCATTTA-1,22,29
CGGGTTTGTTAGGGCT-1,34,37
CGGTACGGCAAACCCA-1,32,5
CGGTACTAGAATCAAA-1,27,28
CGGTAGAGGTGCAGGT-1,16,31
CGGTATAGGTATTAGC-1,11,33
CGGTCAAGTGGGAACC-1,18,28
CGGTCCGTCGCAAGCC-1,37,19
CGGTCTATCAACCCGT-1,14,28
CGGTGAAGACTAAAGT-1,23,11
CGGTGCAGATAGAACG-1,27,15
CGGTGCGCGTTGGTCC-1,30,16
CGGTGTACTTGATCCC-1,14,13
CGGTTATCCAACAGTG-1,21,33
CGGTTCAAGTAGGTGT-1,17,33
CGGTTGACCTGGCATA-1,25,12
CGGTTGGGTTCAAGTT-1,9,33
CGGTTTACTGAACATT-1,39,5
CGTAAAGCAAGAAATC-1,41,12
CGTAACTTCGACACTT-1,40,19
CGTACCTGATAGGCCT-1,16,24
CGTAGAGAGTAATTAT-1,39,30
CGTAGCGAATTGTCAG-1,12,25
CGTAGCGCCGACGTTG-1,9,20
CGTATTAAGAGATCTA-1,22,20
CGTATTGTTTGGCGCC-1,41,5
CGTCAAGGCTATAAAT-1,21,8
CGTCACGTCCATTGGT-1,29,19
CGTCAGTGCGCACAAG-1,11,19
CGTCAGTTTATCGTCT-1,6,22
CGTCATACCATATCCA-1,15,10
CGTCCTCATCGCGTGC-1,41,37
CGTCGGATAGTGTTGA-1,23,32
CGTCGGGTCTAAGCGC-1,33,11
CGTCGTCCTTCGCGAA-1,34,26
CGTCTGGAAGGGCCCG-1,13,22
CGTGAACTGACCCGAT-1,43,5
CGTGAAGTTAATTCAC-1,26,21
CGTGACATTGGGTCGT-1,13,28
CGTGACCAGTCCTCTG-1,37,20
CGTGCACACCACTGTA-1,42,30
CGTGCATTGTCGACGC-1,25,13
CGTGCCCGACATTTGT-1,6,21
CGTGGCCGAATATCTA-1,29,34
CGTGTCCCATTCGCGA-1,20,16
CGTTAAACTAGTTAGG-1,30,37
CGTTAAATACGACCAG-1,43,39
CGTTAGCTCACAACTG-1,12,30
CGTTATCATACTTCCA-1,28,5
CGTTCAGACCCGCGAA-1,38,22
CGTTCATGGTGCGCGT-1,30,10
CGTTCTTCGCACACCT-1,15,36
CGTTGAGCGACCGTCG-1,28,26
CGTTGAGTAATTGCGT-1,11,34
CGTTGTAAGATTGATT-1,19,36
CGTTGTCGGCAATTGA-1,38,23
CGTTGTTTCAATTCCC-1,23,16
CGTTTAAGCGGAGCAC-1,12,21
CGTTTCGCTCATTACA-1,23,19
CGTTTCGGTTATATGC-1,43,38
CGTTTGTGTAGAGGGT-1,33,16
CTAAAGAATGCCTACT-1,24,15
CTAAAGGGAAATAGGA-1,28,22
CTAAATCCTATTCCGG-1,18,29
CTAACAGCACAATAAC-1,36,5
CTAACCGCGCGCCCGT-1,24,14
CTAACGAAACTTGCTG-1,21,32
CTAACTGGTCCGGTTC-1,31,15
CTAAGGGAATGATTGG-1,28,25
CTAATTCGCACGCGCT-1,20,14
CTAATTCTCAGATATT-1,19,35
CTAATTTCAACAACAC-1,16,12
CTACAAGAAATAACCC-1,35,16
CTACCCTAAGGTCATA-1,21,31
CTACGAACTAGGTCGA-1,8,26
CTACGACTAGCTATAA-1,25,11
CTACGCACGGAGTACC-1,23,21
CTACGCCATTTCCGAT-1,11,28
CTACTATCATAGGTTT-1,32,12
CTACTATCTTTCAGAG-1,20,31
CTACTCAAGGTATAGT-1,36,17
CTACTCTAGGCCCGGC-1,21,12
CTACTGCCACCTGACC-1,19,23
CTAGACTGCATTTCGT-1,10,32
CTAGATGTGAGTGTAA-1,22,34
CTAGATTTACGACGGC-1,27,26
CTAGCATAGTATAATG-1,23,23
CTAGCCGATGTTATGA-1,17,34
CTAGGCGCCCTATCAG-1,31,31
CTAGGTCTGAAGGAAT-1,24,35
CTAGGTTCGGACGTGA-1,35,25
CTAGTATTCGGAATTA-1,12,28
CTAGTCACGTCTTAAG-1,24,24
CTAGTGAAGGACAGGA-1,23,15
CTAGTTACAACCCGGT-1,32,24
CTAGTTGGGCCCGGTA-1,18,24
CTATAAGAGCCAATCG-1,19,33
CTATAAGTAGGGTTTG-1,42,7
CTATACTTAAAGCGAG-1,37,5
CTATATCCAGCCTGGC-1,40,13
CTATCGACGAAATACA-1,32,31
CTATCGGGTCTCAACA-1,23,24
CTATGCCCGAATGCAA-1,37,21
CTATGGGAAGCGGAAT-1,33,35
CTATGTCACTAGCCCA-1,21,23
CTATGTCTATTGAAAC-1,11,20
CTATGTGAGTCACGGC-1,28,9
CTATTCATGTGTCCCA-1,32,22
CTATTGTGTTTGGTCA-1,12,34
CTATTTGGTTACGGAT-1,24,28
CTCACATTTACTAAAT-1,37,24
CTCACCAGTACAAGTG-1,22,5
CTCACTTGGCTGGTAA-1,26,12
CTCAGATTGTGATAAG-1,27,6
CTCAGGACTCACCTGT-1,13,13
CTCAGTCACGACAAAT-1,17,32
CTCATGGCTCACAATC-1,12,23
CTCATGGTAATTTGCG-1,31,12
CTCATTTGATGGGCGG-1,16,22
CTCCCAATGAGTCGCG-1,31,38
CTCCCTCCTTTCGATC-1,31,11
CTCCGCCCACATGAGG-1,27,16
CTCCGGCCTAATATGC-1,15,21
CTCCTCCAGCTCACAC-1,37,19
CTCCTGTTCAAGGCAG-1,33,38
CTCCTTTACGCAAGTC-1,17,36
CTCGAGACATACGATA-1,33,6
CTCGAGGCAAGTTTCA-1,42,14
CTCGAGGTCGAACAGT-1,20,21
CTCGATATTTGCGAGC-1,17,33
CTCGCACCTATATAGT-1,17,24
CTCGCATTGCATAGCC-1,36,8
CTCGCCGAATGTAGGG-1,36,23
CTCGGGCATCGTCGGG-1,5,24
CTCGGTACCACTGCTC-1,26,28
CTCGGTCCGTAGCCTG-1,14,19
CTCGGTTGTCGGCCCT-1,34,12
CTCGTCGAGGGCTCAT-1,36,10
CTCGTTTCTAATGTTT-1,16,35
CTCTAATGCATTGATC-1,17,36
CTCTACACTGGCGATT-1,27,9
CTCTACATCCTGCGTG-1,42,23
CTCTAGCCCTCGGAAA-1,39,30
CTCTATTTGGCTGCAG-1,30,24
CTCTCACAATCGATGA-1,22,25
CTCTCGATGTGCGCCT-1,7,22
CTCTCTAACTGCCTAG-1,34,10
CTCTGCAGGCATTCTT-1,41,11
CTCTGCGAAGCAAGCA-1,11,19
CTCTGGACGCCTGGTG-1,22,22
CTCTGTTTGAGGATTC-1,12,25
CTCTTCTATTGACTGG-1,29,33
CTCTTCTGGAAGTTAG-1,37,16
CTCTTGTCCCGCTTGG-1,33,21
CTGAAAGAGATCCGAC-1,15,24
CTGAATCCGAGACCTC-1,29,20
CTGAATTTATTGCCAG-1,16,35
CTGACTGCGCAGCTCG-1,21,34
CTGATAGTGTATCTCA-1,22,9
CTGATCCCTTTATGCA-1,41,13
CTGCAAATGGGCTCCA-1,5,23
CTGCAAGCACGTTCCG-1,36,37
CTGCACAACTACATAT-1,31,26
CTGCACCTGGAACCGC-1,13,19
CTGCACTCCAGTACAG-1,33,25
CTGCAGAGAATCAGAG-1,36,34
CTGCCAAGGTTGGAAG-1,16,27
CTGCCATGCATCACAT-1,26,22
CTGCCCACGAAGCGTT-1,22,6
CTGCCTAGCCACCAAG-1,9,28
CTGCGGGTGAAATGTT-1,21,11
CTGCGGTAGTCACGTG-1,10,31
CTGCGTTACGATATAA-1,13,30
CTGCTCTGACGGCAAA-1,43,23
CTGCTGAGGCCACGAA-1,30,14
CTGGAAATGGATGCTT-1,20,20
CTGGAAGACACGGTGG-1,31,30
CTGGACGCAGTCCGGC-1,31,8
CTGGATTTACACTTGA-1,30,20
CTGGCATCCGAATGAG-1,30,12
CTGGCGACATAAGTCC-1,14,28
CTGGCGATTTACATGT-1,42,35
CTGGCGCACAGGTCTG-1,24,30
CTGGCGGGAATAAGTA-1,15,11
CTGGCTGATTCATCCT-1,28,32
CTGGCTGGTTGTCAGT-1,33,21
CTGGGATAAATAATGG-1,25,29
CTGGGATCGCCCAGAT-1,6,23
CTGGGCCTGCTATATC-1,28,13
CTGGGCGGCCAAATGT-1,6,26
CTGGGTAGGCAGTTAA-1,27,27
CTGGGTTGAGTTAAAG-1,32,7
CTGGTAAAGTGTGGGC-1,36,37
CTGGTAACACATAGAA-1,27,30
CTGGTAACGAGCTCTT-1,20,33
CTGGTCATTCCAATCC-1,17,9
CTGGTCCTAACTTGGC-1,9,23
CTGGTTTCGAGCAAGA-1,29,30
CTGTACTTCTTAGCAT-1,25,19
CTGTAGCCATCTCACT-1,34,18
CTGTATGGTGTAGAAA-1,15,14
CTGTCAAATGGCTCGG-1,17,28
CTGTCCTGCGCACTAC-1,44,4
CTGTGCAGGGTAGGTC-1,27,25
CTGTGGTCGGGAGATA-1,33,30
CTGTTACCCAATCTAG-1,30,21
CTGTTCACTGCCTGTG-1,16,21
CTGTTCATCTCACGGG-1,16,14
CTTAACTTACAGTATA-1,41,37
CTTAACTTCGAAGTAC-1,11,23
CTTAAGCAGCGAGCCG-1,31,5
CTTACACGGTATTCCA-1,21,17
CTTACACTGGGAAATA-1,13,18
CTTAGCCCGGATAGTG-1,19,7
CTTAGCCTTCCACATG-1,16,27
CTTAGTAGGCCTACAG-1,22,34
CTTAGTGTAGTAGCAT-1,36,28
CTTATGCGCTCAGGGC-1,27,7
CTTCAACTCCACTTGG-1,35,27
CTTCACGCCCTGGTAC-1,41,10
CTTCAGTGGTCGCCTA-1,33,10
CTTCAGTTGGACAACG-1,42,31
CTTCATAGCTCAAGAA-1,15,15
CTTCATTGTCAGTGGA-1,24,22
CTTCCGCTCCGTGAAG-1,34,19
CTTCGATTGCGCAAGC-1,40,30
CTTCGGCCAATTGTTT-1,31,36
CTTCGTAGATAGGTGA-1,25,17
CTTCTATGTTGAAGTA-1,29,12
CTTCTATTAATGCTAG-1,31,18
CTTCTTACGTCGTATA-1,12,22
CTTGACCCGAAAGATA-1,10,21
CTTGAGTTAGGGTAAT-1,25,31
CTTGCAACCGCCTCCT-1,27,12
CTTGCCCAGGCTCTAC-1,28,20
CTTGGCCAAGCTGGGA-1,36,21
CTTGTACTTGTTGACT-1,16,19
CTTGTCAACATTCGAG-1,31,23
CTTGTGCTCACCGATT-1,16,32
CTTGTTGCTGAGTCAA-1,25,28
CTTGTTTATGTAGCCA-1,14,12
CTTTAACTTTCAAAGG-1,17,24
CTTTAATATTGGTCGA-1,31,26
CTTTACCGAATAGTAG-1,31,29
CTTTAGGAACACTGTT-1,26,30
CTTTAGTGCTATTATT-1,28,23
CTTTCTGTGCGGGCTT-1,33,23
CTTTGACGTCGCTTCT-1,28,4
CTTTGCATCGCTCTTG-1,36,32
CTTTGGCGCTTTATAC-1,22,10
CTTTGGCTTTAGTAAA-1,22,16
CTTTGGGATTGTTGCA-1,37,17
CTTTGTCGAATGCTCC-1,34,6
GAAACAGATGACCACC-1,26,31
GAAACAGCCATGCAGT-1,12,22
GAAACATAGGAAACAG-1,36,10
GAAACCATGGTGCGCT-1,19,36
GAAACCGAATTACCTT-1,28,19
GAAACCTATACAAATG-1,36,19
GAAACTCGTGCGATGC-1,20,11
GAAACTCTAATGAAGG-1,12,26
GAAAGAACAGCGTTAT-1,24,34
GAAAGCAGTGCACTTT-1,34,20
GAAAGCCCTTTGGACC-1,23,10
GAAAGTGACTAACTGC-1,18,13
GAAATACCTGCTGGCT-1,9,29
GAAATATCACCATCAG-1,22,11
GAAATCGCGCGCAACT-1,14,24
GAAATGGCGGTGTTAG-1,21,19
GAAATTAGCACGGATA-1,14,32
GAAATTCACATCGCTG-1,12,19
GAAATTGTCTCTATAA-1,27,20
GAACACACATCAACCA-1,16,19
GAACAGATTACTAAAT-1,34,25
GAACCATCTGGGAGAC-1,7,20
GAACCCTCTGTGTTCT-1,35,24
GAACCTCGACCTACAC-1,26,7
GAACGACCGAATGATA-1,15,23
GAACGCGGGTCACACG-1,30,37
GAACGTCTCATGGTCG-1,21,30
GAACGTTAGGAAGACG-1,22,9
GAACTGTGGAGAGACA-1,40,23
GAAGAAACGATATTGT-1,35,13
GAAGAACGGTGCAGGT-1,12,16
GAAGACTTCAATGCCG-1,7,23
GAAGCCACTGATTATG-1,38,24
GAAGCCTGCACATTCC-1,36,22
GAAGCGTGAGGAATTT-1,23,22
GAAGCTCGGACCCGTC-1,33,10
GAAGCTTGCTGACCGC-1,20,14
GAAGGAGTCGAGTGCG-1,39,22
GAAGTCAGTTGCACTA-1,32,21
GAAGTCTCCCTAGCGA-1,24,31
GAAGTGATTTATCGTG-1,25,18
GAAGTGCTGGATAGCT-1,13,22
GAAGTTTCCACTCAAT-1,24,18
GAATAGACGCGACCCA-1,27,31
GAATAGCCCTGCGGTC-1,14,36
GAATAGTGCTCGATTA-1,36,15
GAATATTCGGAGTCCC-1,12,28
GAATCGACATGGTCAC-1,18,17
GAATCGCCGGACACGG-1,11,16
GAATCTATACTCGGAC-1,6,26
GAATCTGAACATTCTC-1,27,23
GAATGCCGAAATGACC-1,16,9
GAATGCGAATCGGTTC-1,37,24
GAATGGGCTTATCGAC-1,26,6
GAATGTATGGCAGGTC-1,13,31
GAATGTGGTCCGGATT-1,27,28
GAATGTTGGGTAATCT-1,17,24
GAATTATAGTGAAAGG-1,23,24
GAATTCACCCGGGTGT-1,29,20
GAATTTCTCGCTGCAG-1,20,13
GACAAACATATGCAGG-1,28,33
GACAACGACCATTGAA-1,18,27
GACAACGCAGCTTACG-1,15,20
GACAAGAGATGAGATT-1,34,38
GACACAAGGGAAGAAA-1,21,25
GACACAGCCGGGACTG-1,42,33
GACACCCAAAGACGCG-1,43,15
GACACGAGTTAGAGGA-1,15,12
GACACTGAGTTCAGTG-1,28,18
GACACTGGAACCCGAT-1,32,36
GACACTTCCAATTACC-1,41,32
GACAGATTTCTGGCTC-1,28,7
GACAGCCAGACCTGAC-1,27,29
GACAGGCACACACTAT-1,25,11
GACATCCGTCGAACTG-1,38,25
GACATCGATTTATAAC-1,32,19
GACATTTCGCCCAGCC-1,42,9
GACCAGAGCCCTGTAG-1,21,18
GACCAGGTCATTCATA-1,7,24
GACCCAATTATGATAC-1,33,10
GACCCGTCGCCGGCTA-1,10,21
GACCGACGTGAAAGCA-1,25,37
GACCGACTGAAGCGTC-1,23,11
GACCGATTAAATATGT-1,40,9
GACCGGTGATACTCTC-1,43,5
GACCGTCAGGTCGTGA-1,12,28
GACCGTGCTGACGGTG-1,26,19
GACCGTTACATGCGAC-1,25,6
GACGACGATCCGCGTT-1,32,25
GACGAGGCTAATAAAC-1,34,33
GACGATATCACTGGGT-1,42,14
GACGCATACCCGTCGG-1,38,6
GACGCCGTAAAGGCTA-1,33,20
GACGCTTGCTTCTAAA-1,25,15
GACGGACCGCGTTCCT-1,7,21
GACGGTCAATAGAAGC-1,21,33
GACGTTGCTCGGCGGC-1,42,13
GACTAACACAGCACCT-1,9,30
GACTAAGATCATGCAC-1,17,20
GACTAAGTAGGCTCAC-1,19,17
GACTACAAAGCGGTGG-1,30,10
GACTACAATTGCTCGT-1,9,28
GACTCACCCACGTGAG-1,25,35
GACTCCCAGAATAAGG-1,19,37
GACTCCTTCCAATTGA-1,34,7
GACTCGCGGGAATGAC-1,20,32
GACTGCAAATCGAGCT-1,35,26
GACTGCACCAGCCCAG-1,29,28
GACTGCGGCACGTGTA-1,19,9
GACTGGGCGCCGCAAC-1,8,32
GACTTCAACGCATCAA-1,43,32
GAGAACGGTTCTGACT-1,39,34
GAGAATCTCACGATCA-1,21,6
GAGACTGATGGGTAGA-1,20,21
GAGACTTCGCGACCGA-1,32,21
GAGAGCGCAGTCCCTG-1,20,6
GAGAGGGCGCGAGGTT-1,25,16
GAGAGGTGCATTCTGG-1,28,12
GAGATCGATCTTACTC-1,39,5
GAGATCTGCTTGGCAT-1,23,17
GAGATCTGTCACTCCG-1,21,26
GAGATCTTCCATGACA-1,28,27
GAGATGGGAGTCGACA-1,32,25
GAGCATCATCCCTGGG-1,11,16
GAGCCACGGTAGTAGG-1,10,18
GAGCGAGGGAGTACCG-1,12,21
GAGCGCAAATACTCCG-1,31,35
GAGCGCGCACGAGTAG-1,30,31
GAGCTAAGGGCATATC-1,20,28
GAGCTCTCGGACCTAA-1,13,14
GAGCTGTCGTCTCGGA-1,15,36
GAGGAATATCTCTTTG-1,41,17
GAGGAATGGAGAGGTT-1,19,13
GAGGCCCGACTCCGCA-1,33,11
GAGGCTATCAAAGTCG-1,23,12
GAGGGCGCAGCTCTGC-1,19,30
GAGGGTAGTAACAAAG-1,37,13
GAGGTACATCCATCTT-1,11,24
GAGGTACGCGTGTCCC-1,39,24
GAGGTCCCAAAGATCT-1,14,12
GAGGTCCGTTCGCTGT-1,44,14
GAGTAAACCGGAAAGT-1,31,38
GAGTAAGGCCACGGGA-1,30,8
GAGTACGGGTATACAA-1,13,17
GAGTAGATACTAGTTG-1,37,23
GAGTATACCCTAATCA-1,41,13
GAGTATGCCCGCCTTG-1,30,17
GAGTATGCGCGTGCAT-1,37,25
GAGTCAGACCAGAATC-1,34,18
GAGTCCGCTTACCGGA-1,29,21
GAGTCGACAGACCCTC-1,20,7
GAGTCTTGTAAAGGAC-1,29,5
GAGTGTGCGGTACCCA-1,28,30
GAGTTCTGTGGGTGCT-1,35,5
GAGTTGATGGCAATTT-1,31,10
GAGTTGTCACCAGTCT-1,40,7
GATAAATCGGTGGATG-1,13,16
GATAACTCGCACTGTG-1,25,30
GATACGATGGGAGTCA-1,28,17
GATAGAACCCGCTAGG-1,41,21
GATAGATAGTACAGTC-1,42,33
GATAGGTAACGTTGAC-1,30,22
GATAGTGCGAGTAAGT-1,40,17
GATATCAAGCAGGAGC-1,33,5
GATATCTCATGCAATA-1,11,21
GATATGAGACACTAAC-1,25,28
GATATGCGGTAGCCAA-1,15,31
GATATGGATTACGCGG-1,20,10
GATATTGAGATTGGCG-1,23,33
GATATTTCCTACATGG-1,14,30
GATCATTCCAAACATT-1,21,21
GATCCCTTTATACTGC-1,20,22
GATCCGGGAATTAACA-1,25,26
GATCCTAAATCGGGAC-1,19,32
GATCCTCTTGCGCTTA-1,9,28
GATCGACACTATCTGA-1,19,18
GATCGCGGGCTCTCCA-1,24,19
GATCGCTACCCGATTT-1,31,33
GATCGCTGTGGTGCGT-1,41,10
GATCGGATAGAACCAT-1,26,8
GATCGGTGGCCATAAC-1,20,24
GATCGTGACTGATATC-1,25,25
GATCTAACCGTATTCA-1,32,6
GATCTGCTATCTAAGG-1,37,21
GATCTTGGAGGGCATA-1,28,25
GATCTTTGCAGGGTAT-1,24,15
GATGACAAGTAGGGCA-1,34,14
GATGCCAGCAGAAGGC-1,17,9
GATGCCTTCTGCGGCA-1,35,8
GATGCGAATGGTATTA-1,18,7
GATGCGTCCTGCATTC-1,24,21
GATGCTACAAGCGCCT-1,14,19
GATGCTGTATTTCATC-1,27,26
GATGGCGCACACATTA-1,15,13
GATGGTGCCCTAGGCA-1,10,27
GATGTAACGAACCACC-1,31,10
GATGTCGGTCAACTGC-1,10,26
GATGTGTTGTCACAAG-1,8,27
GATGTTCAATCCACGA-1,26,17
GATGTTTGTGCGAGAT-1,15,13
GATTAACCGAAAGCCC-1,33,31
GATTACTGAATTTGGG-1,26,16
GATTCCCTTGTCGCAG-1,18,24
GATTCCGCGTTTCCGT-1,13,26
GATTCCTATACGGCGC-1,18,11
GATTCGACGGTTCACG-1,26,25
GATTGACACTCTGCTC-1,8,23
GCAAACCCTACATTAT-1,30,28
GCAAACCTTGGCCATA-1,34,24
GCAAACGTAAGCGACC-1,40,6
GCAAATATTACGCTTT-1,23,16
GCAAATGAGGACACTT-1,26,6
GCAACACACTAGAACT-1,29,9
GCAACAGCAGTATGCG-1,29,35
GCAACCACGGCCGCGT-1,27,13
GCAACCCAAGTTGTTT-1,21,5
GCAACGGCTAGTTATG-1,27,37
GCAAGAATTCCTTGGC-1,28,15
GCAAGCTGGAAACCGC-1,33,5
GCAAGTGCACAGAGAA-1,17,17
GCACAAACGAGGCGTG-1,29,37
GCACAACCTCGGGCGT-1,35,7
GCACAAGTGTCGGAAG-1,10,23
GCACACACTGGTAGCC-1,34,32
GCACACGCCCATGGTC-1,23,7
GCACGCCTACTTAGAT-1,33,16
GCACGTGGTTTACTTA-1,38,35
GCACTAGTCGCGCTAT-1,12,17
GCACTGCCTACCTTTA-1,39,24
GCAGACCCAGCACGTA-1,25,34
GCAGATCCATAAGACT-1,31,29
GCAGATCCTCGCAAAT-1,17,8
GCAGATTAGGGATATC-1,24,22
GCAGCACACAGCCCAG-1,25,17
GCAGCCTATATCACAT-1,23,37
GCAGGAACTTAGATCT-1,32,9
GCAGGACTATAGAATA-1,23,15
GCAGGTAGAGTATGGT-1,14,32
GCATACGAGGTCTTTA-1,25,8
GCATAGAGCACTCAGG-1,24,21
GCATCCCTAACTTTGA-1,13,17
GCATGAGGGACGCGGC-1,21,30
GCATGCTAATAACGAT-1,39,32
GCATGGGTACTGACGC-1,26,5
GCATTCAAGGCAACGC-1,20,36
GCATTCGAAATGAACA-1,20,8
GCATTGACTTGCGGAA-1,31,5
GCATTGTAATTCATAT-1,26,10
GCATTTCCAAGGCTCC-1,22,37
GCCAACCATTTCCGGA-1,19,35
GCCAAGAATACTTCTG-1,29,7
GCCAATAGGGCATCTC-1,18,34
GCCACAATTTAAGGAC-1,28,16
GCCACTCAGAGCGCGA-1,35,32
GCCAGGAAAGAACACT-1,41,14
GCCAGGAGTAACCGAT-1,16,30
GCCAGGCGTTCGCATG-1,10,30
GCCATATTGCACACAG-1,16,30
GCCATCGAGCTGCGTG-1,32,18
GCCATCGATGCTGCAT-1,22,36
GCCATTAGCCTCAAAC-1,33,8
GCCCACCAAGGCTGTC-1,11,15
GCCCAGCGACACAAAG-1,44,5
GCCCAGTTGGTATGCC-1,16,15
GCCCATGGGTGCAATG-1,5,30
GCCCGACTTCTTCCCG-1,30,12
GCCCGAGAGTCTAAAT-1,37,7
GCCCGCGCGTAAACGG-1,30,16
GCCCGCGCGTTTGACA-1,15,16
GCCCGTAATACCTTCT-1,19,27
GCCCGTTCACACAATT-1,44,16
GCCCTAGCCGTCGCGA-1,33,9
GCCCTGAGGATGGGCT-1,40,26
GCCGAAATTCCTACGT-1,23,17
GCCGATTGGCCAAGCT-1,26,22
GCCGCATTAGTCCGGC-1,23,9
GCCGCTTGTGAGAAAC-1,24,16
GCCGGAAACACATCTT-1,7,20
GCCGGGTTAGGGTCGC-1,26,21
GCCGGTCGTATCTCTC-1,41,20
GCCTAGCGATCTGACC-1,15,17
GCCTATAGTGTCAGGG-1,20,31
GCCTATTCCGATATAG-1,17,13
GCCTATTTGCTACACA-1,9,19
GCCTCATCTGGAAATA-1,26,32
GCCTCTATACATAGCA-1,33,26
GCCTTCAGCCCTACCG-1,13,19
GCGAAACGATCGGGAG-1,33,33
GCGAAACTTAACTGGA-1,28,28
GCGAAGCCATACCCGT-1,21,22
GCGACATGTAAACATC-1,24,35
GCGACCCAACCATCTG-1,35,14
GCGAGAGTTGCGTCCA-1,22,35
GCGAGCGCATGCTCCC-1,24,36
GCGAGGCCCGAGCAGA-1,24,18
GCGAGTTCTGCAAAGA-1,23,23
GCGATTCTGGAAGCAG-1,10,26
GCGATTGTTAACGTTA-1,24,27
GCGCAAATATATTCAA-1,35,12
GCGCAAGAGCGCGCTG-1,26,33
GCGCATCCAGTCAGCA-1,20,32
GCGCCGTTCCACGATA-1,26,23
GCGCCTCCCACTCCGA-1,30,36
GCGCGGTCTAGTAACT-1,40,22
GCGCTAAGTATGCATG-1,6,29
GCGCTAATTGAATAGA-1,23,25
GCGCTATGCCGAGGCA-1,27,18
GCGCTGATCCAGACTC-1,14,30
GCGCTGCTTTGCATTT-1,20,32
GCGCTTAAATAATTGG-1,34,30
GCGGACCGCGTTGTGG-1,31,17
GCGGAGAAACTTCGCA-1,33,14
GCGGAGAGGGAGAACG-1,29,27
GCGGCAAAGTATTGCC-1,35,12
GCGGCTCTGACGTACC-1,25,15
GCGGGAACCAGGCCCT-1,14,18
GCGGGCGAGCCTTACC-1,33,19
GCGGTCCCTAGACGCA-1,12,17
GCGGTGAACTGCGCTC-1,15,32
GCGGTTCCCTATCATG-1,29,19
GCGTAAATGGCCATAA-1,23,34
GCGTCGAAATGTCGGT-1,14,23
GCGTCTCTGCATTGGG-1,25,16
GCGTGGTACTGGGTTA-1,23,32
GCGTGTATGTCGTATT-1,7,22
GCGTTATATTTGGAAC-1,21,8
GCGTTCGGAGACCGGG-1,15,34
GCTAAACCTGAGGTGA-1,17,11
GCTAACTGAAGTCTGA-1,35,30
GCTAAGTAAAGGCGAT-1,19,8
GCTAAGTAGTTTCTCT-1,23,28
GCTAATACCGAATGCC-1,16,18
GCTACAATCGAGGATA-1,37,35
GCTACAGTACGGACCG-1,26,8
GCTACGACTTATTGGG-1,27,24
GCTACTATAGTAGAGT-1,31,32
GCTACTCGGACGCAGA-1,43,6
GCTAGACCGTCTACTG-1,27,35
GCTAGAGTAGAGATGT-1,34,32
GCTAGCAGGGAGTGGG-1,13,34
GCTAGCGATAGGTCTT-1,39,11
GCTAGCTTGAATAGCT-1,32,17
GCTAGGCACCACGGAG-1,33,29
GCTAGTAGAGCTTGTA-1,25,23
GCTAGTTTCATTGAGG-1,14,15
GCTATCGCGGCGCAAC-1,15,11
GCTATGCCAGCTTATG-1,28,5
GCTCAATCCGTTTATT-1,32,14
GCTCAATGTAATACCG-1,37,21
GCTCATTACTGCATGT-1,12,31
GCTCCATGCAAAGCAA-1,40,20
GCTCCCAGTCGGTCCA-1,27,36
GCTCCGCTCGCTTCAG-1,27,37
GCTCCTGACATACTGG-1,34,14
GCTCGCGGTTCCGCTC-1,18,8
GCTCGCTCATGTCCAA-1,26,33
GCTCGGAATTTAAAGC-1,16,29
GCTCTAAACCCTGACG-1,17,21
GCTCTATGTTACGTGC-1,18,16
GCTCTCGGGTACCGAA-1,18,21
GCTCTTTCCGCTAGTG-1,38,20
GCTGAAGGGTTCTTGG-1,41,5
GCTGAATCTTCCAATC-1,35,11
GCTGAGGCGTGAGTAT-1,26,23
GCTGCACGGTTTCTTA-1,26,26
GCTGCTAAGTAGTCGA-1,34,21
GCTGCTCTCCGGACAC-1,21,23
GCTGGACCCAAAGTGG-1,12,35
GCTGGCATATTCACCT-1,21,13
GCTGGCGGCGCATGCT-1,33,23
GCTGGGAGCGCGTCAA-1,42,14
GCTGGTTTAGGCCATA-1,36,8
GCTGTATTACTGGCCC-1,29,15
GCTGTCTGTGATCGAC-1,6,31
GCTGTTGCTACCGAAC-1,25,32
GCTTAATGTAACTAAC-1,27,29
GCTTACGTAGTTAGTA-1,24,37
GCTTATGAAGCAGGAA-1,23,30
GCTTCCCGTAAGCTCC-1,43,32
GCTTCCGTCCCTAGAC-1,20,27
GCTTCGACGTTCAATC-1,40,9
GCTTGAGTGACCTCTG-1,42,37
GCTTGATGATAATCAG-1,16,15
GCTTGGATCGATTAGG-1,21,33
GCTTTACACAACTGGG-1,41,38
GCTTTCAGAGGAGGTG-1,22,32
GGAAACCTTGTTGAAT-1,15,35
GGAAACTAAATGGGCC-1,36,34
GGAAAGTCTTGATTGT-1,43,17
GGAAAGTGCCCATGCC-1,15,30
GGAACCGTGTAAATTG-1,30,18
GGAACCTTGACTCTGC-1,35,10
GGAACGGCCTGCAGCC-1,18,9
GGAACTTTGGCGATTA-1,36,36
GGAAGCTCGCTTACAG-1,11,28
GGAATAACCTCAAGAA-1,8,22
GGAATGCGCTAGCGTG-1,22,28
GGACAACCATGAAGCC-1,41,34
GGACAAGCCATGATCG-1,38,4
GGACAAGTTGCAGTGA-1,22,6
GGACACAAGTTTACAC-1,29,37
GGACCAACAGGATAAC-1,31,24
GGACCTACGGTAACGT-1,14,36
GGACCTCTAGGCCGCC-1,35,13
GGACTCGACAGCGCAT-1,40,18
GGAGAAGTCATTGGCA-1,17,16
GGAGACCATCTACATA-1,31,7
GGAGACGACACCTTTG-1,27,24
GGAGCACCAAGAACTA-1,18,28
GGAGCGAGGCCTACTT-1,39,24
GGAGGATTGAAAGGAG-1,9,26
GGAGGGCTTGGTTGGC-1,22,27
GGAGGGTCAAGTAAGA-1,37,37
GGAGTGCCGCCCTGGA-1,15,20
GGATACTCATGAATTG-1,10,17
GGATCAAAGGACGAGG-1,8,19
GGATCAGAGCCATCAG-1,27,5
GGATCATCCCGTACGC-1,14,34
GGATCCGGAATATACT-1,23,28
GGATCTACCGTTCGTC-1,44,13
GGATCTTGACTCAACC-1,31,9
GGATGAAGATCGCTGA-1,27,32
GGATGACGCGAGTTTA-1,24,17
GGATGCTGGCGTTCCT-1,25,10
GGATGGCTTGAAGTAT-1,40,33
GGATGTCCTTACCGCA-1,23,31
GGATTAAGCTAAGGTC-1,9,30
GGATTCAGTACGGTGG-1,15,14
GGATTCCGCTATACCC-1,15,28
GGATTGCTGTGACTCC-1,36,29
GGATTTCACTTCTATA-1,21,28
GGCAAATTACTTTACT-1,26,20
GGCAAGCCCATAGTGG-1,39,22
GGCAAGGCGAAATAGC-1,28,24
GGCAATAGTCAATGAG-1,21,25
GGCACGCTGCTACAGT-1,42,37
GGCACTCCACTGGGCA-1,23,18
GGCACTGCGGTGGTTT-1,41,36
GGCAGAGAGATCGGGA-1,23,5
GGCAGCAAACCTATGC-1,31,34
GGCAGCGGTAATCCTA-1,12,33
GGCATACAGGTAGCGG-1,23,14
GGCATATCGGTTCTGC-1,14,28
GGCATCAACGAGCACG-1,8,19
GGCCCTCACCCACTTA-1,24,11
GGCCGTTTGGGTTTCA-1,35,17
GGCCTGCTTCTCCCGA-1,35,37
GGCCTTTGCAACTGGC-1,24,7
GGCGAAATCTAACTTG-1,27,30
GGCGAGCGAAACGGCA-1,31,6
GGCGCAGGACATCTTC-1,24,12
GGCGCATGAATTGATG-1,27,20
GGCGCGTTCGAGTTTA-1,29,21
GGCGCTTCATTCCCTG-1,39,25
GGCGGAGTAATATTAG-1,22,18
GGCGGTAGGATCATTG-1,21,24
GGCGTAGGGAAAGCTG-1,38,28
GGCGTCCTATCCGCTG-1,21,14
GGCTAAAGGGCGGGTC-1,15,33
GGCTACTATACACTCC-1,38,17
GGCTATTAAGTTGTAT-1,22,16
GGCTCCTCCACCTGTT-1,35,14
GGCTCGCGTTGAGGTA-1,21,31
GGCTCGTGCCACCAGC-1,15,15
GGCTCTGCTCCAACGC-1,18,25
GGCTGAAATAGCAAAG-1,30,27
GGCTGAGCATCGTAAG-1,10,33
GGCTTTCAATAAGGGT-1,36,22
GGGAAAGAATGCCAAC-1,41,36
GGGAACGGGAGGTTAG-1,25,15
GGGAATGAGCCCTCAC-1,15,35
GGGAATTCTGTCCAGT-1,20,5
GGGACAGAGTTACTCC-1,34,10
GGGACCCGTATATCTT-1,34,20
GGGACTGCATAGATAG-1,22,22
GGGAGAACTCACAGTA-1,22,23
GGGAGCGACCGTAGTG-1,40,29
GGGAGGATGCCCGAAA-1,24,19
GGGAGTAATGGCTGGC-1,10,17
GGGAGTTAATGAGGCG-1,22,26
GGGATGGTCGTAACCG-1,29,17
GGGATTTACCGCACCT-1,27,30
GGGCAACCGCACGTGC-1,33,10
GGGCACGTAGTACTGT-1,41,18
GGGCACTATTGACCAT-1,36,5
GGGCAGACGTCACTGC-1,30,5
GGGCAGAGCAATCGTT-1,35,22
GGGCCATTCGTGCTGG-1,40,6
GGGCCCGTCTTAAACA-1,27,19
GGGCCCTACGAAAGGG-1,25,9
GGGCCCTTATCTATAC-1,22,6
GGGCCGGCCGAAGTAC-1,24,29
GGGCCTAAATGGGCTA-1,28,7
GGGCGATATGTGTGAA-1,20,21
GGGCGATCCATAGGCC-1,41,4
GGGCGGCAAATGAATT-1,30,17
GGGCGGGTTCCCTACG-1,27,15
GGGCGTACATTTATAT-1,17,20
GGGCGTCACCACGTAA-1,30,19
GGGCGTCCACTGGCTC-1,13,29
GGGCGTGGTTTCCCAG-1,36,28
GGGCTACTATTTCGTG-1,31,6
GGGCTATGATCGATGG-1,34,19
GGGCTCATCGAACCCA-1,18,30
GGGCTGCCTAGGGCGA-1,22,24
GGGCTGGTTAGTCGCG-1,21,19
GGGTACTTCATGAACT-1,24,16
GGGTATGTATGCACTT-1,20,12
GGGTATTCTAGCAAAC-1,33,9
GGGTCACCGTGACGGT-1,23,18
GGGTCGTGGCAAGTGT-1,18,35
GGGTCTATCGCTTTCC-1,37,37
GGGTGACACCTTAACT-1,29,21
GGGTGCATATGAAAGC-1,21,37
GGGTGGTCCAGCCTGT-1,9,24
GGGTGTTTCAGCTATG-1,13,24
GGGTTAACATTTGAGT-1,33,19
GGGTTTAGGATAGGAT-1,27,35
GGTAAACTCTGCGCTG-1,39,37
GGTAAATGTGCGTTAC-1,11,28
GGTAACCGGGAGGATA-1,34,12
GGTAACTATGTATCTG-1,11,17
GGTACAAACATGCTAT-1,26,20
GGTACATCTGGGACGA-1,25,10
GGTACCATTAAGACGG-1,20,35
GGTACGTTGCGGCCGG-1,39,37
GGTAGAAGACCGCCTG-1,32,25
GGTAGACCGTTGGGCG-1,32,20
GGTAGTGCTCGCACCA-1,23,25
GGTATAGTGACACATA-1,23,37
GGTATGAAAGAACTGA-1,23,4
GGTATTGCCGAGTTTA-1,22,20
GGTCAAGACTACTTCG-1,32,35
GGTCAGTGGGTCCCAC-1,30,22
GGTCGGATAAACGGCG-1,17,33
GGTCGGCCAGGAGCTT-1,22,29
GGTCGGTAATTAGACA-1,11,15
GGTCGGTCGTCCACAG-1,34,19
GGTCGTAAGCTCGCAC-1,30,10
GGTCTCCGTCCAGGTT-1,37,34
GGTCTCTGAATGGACT-1,32,14
GGTCTGAGAATCTGGA-1,21,28
GGTCTTGAGCGCTCTT-1,38,23
GGTGAAACCGGGAATG-1,8,18
GGTGAAGTACAGGGAT-1,29,15
GGTGAGATGCAGATAA-1,13,15
GGTGATAAGGAGCAGT-1,24,27
GGTGATGAAGGAAGTG-1,21,5
GGTGATTTCATCTTGT-1,10,16
GGTGCAGAGCCTATCG-1,11,35
GGTGCATAAATGATTA-1,39,18
GGTGCGGATAAGTGGC-1,13,18
GGTGCTGATCACAAAG-1,19,10
GGTGCTGGTACACATT-1,27,18
GGTGGGATTAGGTCCC-1,44,14
GGTGTAGGTAAGTAAA-1,41,19
GGTGTTCTGTTTCTAC-1,7,30
GGTTACCACCCTCGGG-1,28,14
GGTTAGCTATATGTCT-1,29,30
GGTTAGGCTTGGAGAA-1,20,15
GGTTAGGGATGCTAAT-1,44,8
GGTTAGTTACGGCGCC-1,19,11
GGTTCCACCCGCTTCT-1,6,30
GGTTCCGTACGACTAA-1,44,16
GGTTCGGATTATACTA-1,25,6
GGTTGTGTAGCCTGGC-1,22,8
GGTTTAATTACCATCG-1,37,16
GGTTTACAATCTCAAT-1,18,26
GGTTTAGCCTTTCTTG-1,29,34
GGTTTCAATCGGTCAG-1,22,31
GGTTTGAGTGCTGGAA-1,11,17
GGTTTGTGACCTGAGG-1,36,35
GTAACTACGTAGACCT-1,42,9
GTAACTGCCCAAGGAG-1,39,18
GTAACTTGCGGCAGTC-1,10,16
GTAAGCGGGCAGTCAG-1,17,23
GTAAGGATTTGTCGGA-1,10,24
GTAAGTAACAGTCTGG-1,26,28
GTAAGTAGGGTATACC-1,18,15
GTAATAAAGGGCTCCC-1,21,34
GTAATCTGATTCTTCG-1,31,17
GTACACTTACCTGAAG-1,24,23
GTACAGAGGCAAGGGT-1,24,28
GTACGAGATTGCGACA-1,16,21
GTACGCTTCATTGCAC-1,29,25
GTACGTTTGCCCGTCA-1,28,24
GTACTAAGATTTGGAG-1,19,20
GTACTCCCTTATCGCT-1,24,12
GTACTCCTGGGTATGC-1,19,34
GTACTGAGGTCGTAAC-1,11,18
GTACTGCATGAAGCGT-1,11,16
GTACTGGAGTTAGACC-1,22,28
GTACTTGGGCACTTCT-1,14,14
GTAGAAACGGGTGGAG-1,17,9
GTAGACAACCGATGAA-1,9,20
GTAGACGTCGTTACAT-1,12,16
GTAGAGGGAGACAAGT-1,31,13
GTAGCCAAACATGGGA-1,31,25
GTAGCGCTGTTGTAGT-1,8,19
GTAGCGGCTATACACT-1,25,24
GTAGCTAGTAAGCGCG-1,6,28
GTAGCTTCCTCTTGTT-1,21,30
GTAGGTGATCCGTGTA-1,14,27
GTAGTCGCGGGAATCA-1,30,28
GTAGTCTACGATATTG-1,37,27
GTAGTGAGCAACCTCA-1,40,37
GTATAGGACTCAGTAG-1,15,21
GTATAGTGGCCCATGT-1,7,31
GTATCAAACGTTAGCT-1,33,33
GTATCAGCTTGGGTTC-1,15,14
GTATCCTTTGGTAACC-1,38,31
GTATCTCAGTCTTGAC-1,35,11
GTATCTCGGGCGCTTT-1,41,10
GTATCTTTCATAACCA-1,29,23
GTATGAAATTTCACTC-1,32,11
GTATGTGGGTCTAGTT-1,25,31
GTATTAAGGCGTCTAA-1,15,12
GTATTCTGAGAAACGA-1,30,15
GTCAAAGAAGTGGTGT-1,34,10
GTCAAGCGGACTCGGG-1,25,27
GTCAATTGTACTGAAG-1,8,17
GTCACAAAGTTTCCAA-1,10,22
GTCACTCATGAGCGAT-1,39,5
GTCACTCTCCAAATCT-1,17,13
GTCAGAATAGTCTATG-1,21,14
GTCAGTTGTGCTCGTT-1,10,25
GTCAGTTTGGTAGTCG-1,20,8
GTCATCCCAAACTCAC-1,44,11
GTCATGCACCTCCGTT-1,20,22
GTCATGGACATGACTA-1,18,22
GTCATTAGAGCGAACG-1,24,24
GTCATTGCATTGACCC-1,21,9
GTCCAATATTTAGCCT-1,38,20
GTCCATTACTGCTACG-1,27,35
GTCCCAACGTAAAGTA-1,22,26
GTCCCAATCATCCCGC-1,27,5
GTCCGAGAGCAATCAT-1,22,7
GTCCGGACCTGAAATT-1,33,30
GTCCGGCTGAATTGCG-1,20,19
GTCCGGGTTCACATTA-1,40,25
GTCCTACGAATAGTCT-1,32,31
GTCCTACTCTACGGGC-1,33,6
GTCCTAGGATACCTTA-1,39,6
GTCCTATTGTTGTGGT-1,20,6
GTCCTTCTAGTGGGTT-1,10,28
GTCGAATTTGGGCGCT-1,40,9
GTCGCGTAACCCGTTG-1,25,26
GTCGGATATCTCAGAC-1,22,15
GTCGGATGTAGCGCGC-1,14,27
GTCGGGAACATGGTAG-1,26,5
GTCGGGAAGCAGAAAC-1,35,23
GTCGGGTGAAGTACCG-1,42,38
GTCGTACCATCTCGGG-1,29,22
GTCGTACCTACGATTG-1,24,7
GTCGTATTGGCGTACA-1,15,32
GTCGTCAATTATAAGG-1,11,17
GTCGTGTCTGGTCATC-1,20,36
GTCTACTCAATTACAA-1,24,8
GTCTAGTGAGCCGCTT-1,39,31
GTCTATCTGAGTTTCT-1,26,17
GTCTCAAGGCCCGGCT-1,36,23
GTCTCCCGAGTCCCGT-1,42,36
GTCTCCTGCCAGTATG-1,35,8
GTCTCGACTAAGTTTG-1,18,37
GTCTCGATCTGCTTTC-1,15,28
GTCTCGCCAACACGCC-1,5,25
GTCTGGGCGGTCGAGA-1,29,17
GTCTGTAGGTTGAACA-1,42,16
GTCTTAGTACAGCCGG-1,11,27
GTGAAACGGCGCCACC-1,17,30
GTGAAACGTGCTCCAC-1,11,15
GTGAACTCCCATTCGA-1,21,35
GTGAAGATTTCAAGTG-1,16,34
GTGAAGCCGTATAGTC-1,16,35
GTGAAGTCACGACTCG-1,30,6
GTGACCGCACACTACG-1,25,31
GTGACGAGGGTGACCC-1,22,37
GTGACTTCAGTAGTGC-1,29,19
GTGAGATAACCTTATA-1,40,16
GTGAGCGTGCTGCACT-1,22,12
GTGAGGACACTTAAGG-1,26,27
GTGAGGAGCGGTTGAG-1,12,30
GTGAGTCGACTAATAG-1,41,37
GTGAGTCTAAGACGGA-1,18,7
GTGAGTGGTACAACGC-1,32,21
GTGATCACTAACGCCT-1,29,33
GTGATCATAGATCTGC-1,28,21
GTGATGCACAACATCT-1,11,32
GTGATTCGCCGCTCAA-1,30,16
GTGCAACAAATGTGGC-1,12,22
GTGCACCAGCTTCAAC-1,39,20
GTGCACGAAAGTGACT-1,14,25
GTGCCATCACACGGTG-1,27,14
GTGCCCGTTCGGATTC-1,25,29
GTGCCGCTTCAAAGGT-1,28,17
GTGCCTCAGTGTACGG-1,11,31
GTGCCTGAGACCAAAC-1,40,30
GTGCGAAATCGAACAC-1,28,17
GTGCGACAGGGAGTGT-1,24,33
GTGCGGGTCTCCAAAT-1,15,21
GTGCGTGTATATGAGC-1,26,28
GTGCTCAAGTACTGTC-1,23,19
GTGCTGCAGATAAGGA-1,24,6
GTGCTTACATCAGCGC-1,29,38
GTGGAACCTACATGCG-1,13,28
GTGGACCAACCCGATT-1,28,13
GTGGACGCATTTGTCC-1,34,23
GTGGACGTGCTGAGAC-1,14,16
GTGGAGCGTTTACCGA-1,35,9
GTGGCAAACAGCGGCA-1,31,10
GTGGCCTAATATCATT-1,23,5
GTGGCGGGCCGTAGCT-1,6,24
GTGGCGGTCCCAGCGT-1,26,10
GTGGCTGTTTCTGTTC-1,41,31
GTGGGAACAAACCGGG-1,41,18
GTGGGAAGACTGAATC-1,28,9
GTGGGCTTAGACACAC-1,20,16
GTGGGTACTGAGCGTA-1,31,5
GTGGTATAGTCTGCCG-1,34,16
GTGGTCAGCGAAGTAT-1,9,31
GTGGTGGCCAAGTGAA-1,28,27
GTGGTTACTTCTTTCG-1,21,35
GTGGTTTCCGCCTTTC-1,27,14
GTGTACCTTGGCTACG-1,18,27
GTGTATATCAGCGGGC-1,35,26
GTGTGAATAACTTAGG-1,22,28
GTGTTACTATGCGTCC-1,26,26
GTTAAAGTAGGACTGG-1,30,28
GTTAACATCACTTAAA-1,33,26
GTTAACTATGTTGTCA-1,27,37
GTTAATGTCTATCTTA-1,21,8
GTTACAATTGGTGACG-1,24,14
GTTACCTACAACTTGC-1,29,24
GTTACTTTGGGCCTAG-1,27,19
GTTAGAGTGTGCCGCT-1,9,26
GTTAGCCCATGACATC-1,39,26
GTTAGCCGTAAATCAA-1,21,36
GTTAGGCTACCCGTTT-1,33,8
GTTATAATACGGTGAA-1,32,35
GTTATATTATCTCCCT-1,30,21
GTTATCACCTTCTGAA-1,8,21
GTTATTAAATACGACC-1,7,29
GTTATTAACGTGGGAG-1,16,10
GTTCAATCTATGTCAA-1,7,29
GTTCACAGGAGTCTAG-1,22,14
GTTCATCGTTTGGCTG-1,22,35
GTTCCAGTCTGACCAT-1,14,20
GTTCGACAATTGTATA-1,40,12
GTTCGCCATAAGTGCC-1,24,20
GTTCGCTGAGACGTCT-1,32,36
GTTCGGAGCACTCAAC-1,38,37
GTTCGGATCGGGAACA-1,28,36
GTTCGGGCGTACCATT-1,22,36
GTTCGTCTAAAGAACT-1,31,30
GTTCTTCCCTCGATGT-1,13,19
GTTGAACCGGTTCCAT-1,27,16
GTTGCACGGAGTTTCG-1,17,18
GTTGGATTCAGTGGCT-1,13,32
GTTGGATTGAGAACAC-1,22,30
GTTGGATTTGCGTTGG-1,24,19
GTTGGTCATGCTATCC-1,33,23
GTTGTCGTGTTAGTTG-1,13,18
GTTTACGTTCCATCTG-1,30,23
GTTTCAAACGAGTTGT-1,36,36
GTTTCATATCGTCGCT-1,25,12
GTTTCCTGGAGGGTGA-1,18,19
GTTTCTAGAGGCGCGG-1,40,31
GTTTCTGCAGTCTCCC-1,26,25
GTTTCTTGTTAGAGCT-1,42,5
GTTTGACCAAATCCTA-1,21,21
GTTTGGCCCAAGTTAT-1,27,28
GTTTGGGTTTCGCCCG-1,37,31
GTTTGGTAGGGTCAAC-1,32,21
GTTTGTTAGCCAAGTA-1,32,5
TAAACCCAGGAGGGCA-1,33,15
TAAAGAGCCCGAAACC-1,10,18
TAAAGCGGTATTTCCA-1,37,19
TAAAGCGTTAGGAGAA-1,20,30
TAAAGCTGCAATAGGG-1,14,33
TAAAGGAGAAACTAGT-1,5,26
TAAAGTGCACGTCTCG-1,42,19
TAAATGAATCCGTTTC-1,17,13
TAAATGCCGTCTCATG-1,11,34
TAAATTTAGTAACACC-1,41,16
TAACAAAGGGAGAAGC-1,16,14
TAACAATATTTGTTGC-1,20,9
TAACATACAATGTGGG-1,25,25
TAACATACACGCGATC-1,33,12
TAACCGCCCGCAGTGC-1,10,19
TAACCTACCGTCCGAG-1,22,34
TAACGCTTTGAGAGCG-1,19,13
TAACTATCGAAGGTCC-1,17,14
TAACTATTACGCCAAA-1,20,35
TAACTCATCCGCGCGG-1,27,19
TAACTCCATGGAGGCT-1,15,12
TAACTGAAATACGCCT-1,41,6
TAAGCAGGCGACACGC-1,23,10
TAAGCGCGAATCAAAT-1,38,12
TAAGGAACTTGTGGGA-1,13,16
TAAGGCAACATAAGAT-1,18,25
TAAGGCATAACATCAA-1,34,19
TAAGGCCCGTCACCCT-1,37,25
TAAGGCTGAATCCCTC-1,28,33
TAAGGGCCTGTCCGAT-1,34,32
TAAGGGCTGGGAGAGG-1,23,10
TAAGTAACATCTTGAC-1,29,16
TAAGTCGCCGAGTATC-1,33,14
TAAGTTGCGACGTAGG-1,32,32
TAATAAACAAGGAGAT-1,14,31
TAATACACAGTAGTAT-1,15,23
TAATACTAGAACAGAC-1,40,27
TAATAGAACAGAGTTA-1,31,15
TAATAGGTCACCAGAA-1,36,10
TAATAGTGACGACCAG-1,19,28
TAATATTGAAATTCGC-1,14,18
TAATCGATCCGTACGT-1,18,31
TAATGAAAGACCCTTG-1,18,9
TAATTACGTCAGTAGA-1,37,34
TAATTAGGACATCCGT-1,27,36
TAATTGCGCTGATTAC-1,41,6
TAATTGGAATCGGGAA-1,14,35
TAATTTCCGTCCAGTA-1,26,4
TACAAATTGCGGAGGT-1,6,28
TACAACGCACAACTCA-1,26,19
TACAAGGGCTTCTTTA-1,40,32
TACAAGTCTCGTGCAT-1,21,12
TACATAGGCATACACC-1,26,22
TACATCCCTATCCCTG-1,28,8
TACATTTCTAACGTGC-1,25,20
TACCAAATAGCCCAGA-1,35,22
TACCAATAAAGTACCA-1,33,28
TACCAGAAGTAGGTTC-1,30,19
TACCAGCTAGGTTTAA-1,11,23
TACCGAATAATTGTAA-1,39,31
TACCGCGGACTTGCAG-1,22,33
TACCGGCTCACTGCCC-1,29,23
TACCGGTCGTTTCCAT-1,28,14
TACCGTAGGTTAACTA-1,35,21
TACCGTGCCTCGGACC-1,31,24
TACCTACTCCCAGTAT-1,35,22
TACCTATCCCTAGAGG-1,26,5
TACCTCACGCTTGTAC-1,13,21
TACCTCAGTTGTCTGT-1,36,19
TACCTGCTGCACTGTG-1,20,11
TACCTTAAGATTTCCC-1,30,13
TACGAACACGACTTCA-1,21,20
TACGACGCTTGCTGCG-1,29,20
TACGACTGCCTCTTAG-1,28,23
TACGAGAACTTCACGT-1,23,16
TACGATGTTGATCATC-1,23,14
TACGCAGTTCTTTCCT-1,26,19
TACGCCATATTCTAAT-1,26,21
TACGCCGAGGGTACCC-1,34,14
TACGCCTCCATTCCGA-1,33,21
TACGCTATAGAAACCT-1,23,35
TACGCTCCTAGAACTG-1,42,18
TACGCTCGGTATTGGA-1,36,37
TACGCTGATAGTTGTA-1,42,8
TACGCTGCTGTGTTAA-1,40,11
TACGGCATGGACGCTA-1,37,38
TACGGGATGCTAGCAG-1,16,28
TACGGGTAATAACATA-1,42,30
TACGTAAAGCGGAGTG-1,37,34
TACGTACTAGTGCTGA-1,37,17
TACGTGCACTATGCTG-1,16,14
TACGTTTACCGGCAAT-1,26,14
TACTATGGTTCCTCAG-1,34,18
TACTCCTCTAGTTGAC-1,38,15
TACTCGGCACGCCGGG-1,24,9
TACTCTCCGAACAAAT-1,16,28
TACTCTTACTTTACTG-1,35,37
TACTGAACAGATTTAG-1,34,17
TACTGAGGGAAGAAAG-1,36,6
TACTGCAATCAATTAC-1,16,34
TACTGGACAGCTCGGC-1,23,12
TACTTAAACATGTACA-1,39,36
TACTTGTTAGTAGTCC-1,24,30
TACTTTACTGAGCCGG-1,21,32
TACTTTCCGCACGCCA-1,29,10
TAGAAACCACTAAGTA-1,8,27
TAGAAAGGTGGCGCTA-1,21,28
TAGAAATTCACGTATA-1,24,7
TAGAATAGCCGATGAA-1,37,33
TAGAATTAAGGGCAAC-1,10,26
TAGACGAAACGCCAAT-1,37,26
TAGACGCCCGTACCGG-1,22,30
TAGACTACCTAGCGTT-1,25,35
TAGACTCAGTTGGCCT-1,41,8
TAGAGATCATGCAACT-1,28,12
TAGAGCTACGAAGAAC-1,12,20
TAGAGGGAGTTTATCT-1,42,23
TAGAGGTTCTACTTGT-1,33,32
TAGAGTCTAAGCGAAC-1,20,20
TAGATATGGACTGGAA-1,30,20
TAGATCCGAAGTCGCA-1,10,25
TAGATGGTTCCTTACT-1,35,33
TAGATTCCTGGTTATT-1,22,10
TAGCAACCTGTCACAA-1,16,12
TAGCAGATACTTAGGG-1,42,31
TAGCCATGATTGCCTA-1,42,6
TAGCCATTTCAAAGTC-1,27,30
TAGCCGGCGGTCAGCG-1,22,29
TAGCGTCCCTCGATTG-1,28,36
TAGCGTCCGGTGTGGT-1,32,27
TAGCGTCGAATATTGA-1,23,5
TAGCGTTGGGTCTTAC-1,25,24
TAGCTAAGTCCGGGAG-1,20,21
TAGCTAGAAGGCATGA-1,31,19
TAGCTCGCCTGATAAC-1,31,21
TAGCTGATGTGAAGCG-1,27,7
TAGGAACAGCCTCCAG-1,8,30
TAGGAGGCTCGAGAAC-1,42,38
TAGGCATGTTACGCCA-1,17,29
TAGGCCTATATAGTCT-1,39,36
TAGGCGATGAGGTCTC-1,33,7
TAGGGAGCTTGGGATG-1,24,32
TAGGGTGTTTCAAGAG-1,16,20
TAGGTCCAAGTAAGGA-1,20,11
TAGGTCGCCGGAACTG-1,22,33
TAGGTGACGATAACCT-1,36,27
TAGGTGAGCCCTACTC-1,20,14
TAGGTGCTCGCCTAGC-1,26,29
TAGGTGTTCCACAGAT-1,36,22
TAGGTTCGAGTTCGTC-1,23,24
TAGTACCACAACTTTC-1,37,8
TAGTACCTTAGTGGTC-1,16,10
TAGTAGCTTATACCAG-1,36,17
TAGTCCCGGAGACCAC-1,39,18
TAGTCCGCAGAGAATG-1,25,20
TAGTCCTGCACTAAGC-1,40,12
TAGTCTAACAACGAGA-1,26,14
TAGTCTGCGGCACATT-1,42,15
TAGTCTGTGACGTTGC-1,17,34
TAGTCTTTCCGAATTG-1,31,38
TAGTGCCCTCCAGAGT-1,22,19
TAGTGGAACTCATACA-1,7,28
TAGTGTCAGAAACGGC-1,16,10
TAGTTAAGATAGGATA-1,11,28
TAGTTTATTCTTGCTT-1,12,21
TAGTTTGATCGGTCGC-1,40,4
TATAAATCCACAAGCT-1,15,17
TATAAGTGAGGATAGC-1,16,16
TATACACAGACGCCTT-1,31,22
TATACACGCAAAGTAT-1,14,15
TATACGCGTCATCACT-1,36,24
TATACTCATGCGGCAA-1,15,10
TATAGAGTCGCTTGAA-1,38,18
TATAGATGGTCGCAGT-1,26,34
TATAGCGCACGTTATC-1,29,6
TATAGCTATTATCTCT-1,44,5
TATAGGGTACTCATGA-1,24,10
TATAGTTAGGTGTACT-1,42,8
TATATATCGAGAAATG-1,36,12
TATATCAAAGTGATCT-1,41,15
TATATCATTGATCAGT-1,21,6
TATATCCCTGGGAGGA-1,24,33
TATATTCGCGTCGATA-1,9,22
TATCACAGCACGGGCA-1,7,23
TATCACCATGTAAAGT-1,10,32
TATCACCCAACCGACC-1,17,33
TATCACTTCGAGTAAC-1,14,33
TATCAGTGGCGTAGTC-1,33,7
TATCCAATTGGTTATC-1,33,27
TATCCATATCATGCGA-1,14,19
TATCCTATCAACTGGT-1,40,21
TATCCTGCATGGGAAT-1,12,20
TATCGATCTATGCATA-1,16,30
TATCGATGATTAAACG-1,17,19
TATCTACAGAGGTAAT-1,21,11
TATCTACCACAGCGGG-1,27,22
TATCTAGCCTAAAGGA-1,23,8
TATCTGAGCCGATATT-1,38,7
TATCTTGCAATACAAC-1,34,9
TATGAAGACAGGTGCG-1,20,10
TATGACCTTGCGCTGG-1,30,4
TATGATAAATCTAACG-1,8,28
TATGATCCGGCACGCC-1,19,37
TATGCTCCCTACTTAC-1,18,22
TATGGATGTGCTACGC-1,18,20
TATGGCCCGGCCTCGC-1,21,13
TATGGGACCGAGCAGG-1,24,21
TATGGGTACGTATCGT-1,22,21
TATGGTCTGAGTAACA-1,24,21
TATGGTTAGTGGGAGA-1,26,35
TATGTAGAAACCCGGC-1,36,6
TATGTCAAGACCGACT-1,15,31
TATGTCTCATTGTGCC-1,21,28
TATTAACACCAAAGCA-1,33,7
TATTAACCTGACCGCG-1,34,17
TATTACCATCCTGCTT-1,25,32
TATTATGTTTGCCTGC-1,34,9
TATTCAATTCTAATCC-1,23,26
TATTCCACTCAGCTCG-1,30,21
TATTCCGAGCTGTTAT-1,33,29
TATTCCGGCAGTCCTA-1,8,21
TATTCCTCCGCCCACT-1,30,14
TATTCGTGCCAGAATA-1,23,23
TATTTAGTCTAGATCG-1,14,21
TATTTATACCGAGTAG-1,13,27
TATTTGTTACCCTTTA-1,17,18
TCAAACAACCGCGTCG-1,17,22
TCAAACTTAGATTGTT-1,21,23
TCAAAGAGCTATCTGT-1,30,6
TCAAATTGTTGTGCCG-1,40,27
TCAAATTTGAGACTCA-1,36,25
TCAACAAAGATAATTC-1,32,13
TCAACACATTGGGTAA-1,11,14
TCAACATAGCGCCCTA-1,35,17
TCAACATCGACCGAGA-1,28,9
TCAACCATGTTCGGGC-1,18,19
TCAACGAGGAGACAAA-1,27,21
TCAACGCAGGAAATAA-1,30,13
TCAACGCGACCGGCAG-1,25,11
TCAACTAACGTATAAC-1,21,10
TCAAGAAATACTAGCT-1,23,36
TCAAGCGCGGACGGTA-1,35,37
TCAAGGTTACTACACC-1,29,34
TCAATACAATTGCTGC-1,21,5
TCACAGCAAACTCGAA-1,31,19
TCACAGGAGAATAAGA-1,33,19
TCACAGGGAATCGCAA-1,29,27
TCACAGGTTATTGGGC-1,22,18
TCACATCTTATCTGAT-1,20,10
TCACCCTCTTAAGATT-1,28,21
TCACCGCTCGGCACTC-1,21,31
TCACGATGTCCGTGGA-1,32,12
TCACGATTAATACGTT-1,43,5
TCACGCATTGTAGATC-1,22,19
TCACGGTCATCGCACA-1,17,17
TCACGTGCCCGATTCA-1,25,22
TCACTACGACCAATGC-1,12,32
TCACTCGTGCAACGGC-1,13,31
TCAGAACCTCCACAGG-1,21,35
TCAGACGCTATAGAAG-1,30,25
TCAGAGCATGTCAACG-1,44,6
TCAGCAAATGCATCTC-1,21,26
TCAGCAGTAGGCCCTG-1,36,16
TCAGCTTGAGCTTTCG-1,37,5
TCAGGGCGCAAACTCG-1,16,9
TCAGGGTGCACGAAAC-1,9,30
TCAGGGTGTAACGTAA-1,20,25
TCAGGTTCTTTGAGAA-1,21,17
TCAGTACTGACCCGCG-1,18,14
TCAGTAGGGACTATAA-1,29,18
TCAGTGTATACGTCAT-1,35,15
TCAGTTACGGAATGAT-1,7,26
TCATACTTACAGATCC-1,16,11
TCATATGAGCTTTGTT-1,38,22
TCATCACTCGAGCTCG-1,14,13
TCATCCCAGAGGGTGG-1,11,25
TCATCCTCAGCTGCTT-1,40,30
TCATCGATGGTCCCAA-1,34,13
TCATGAAGCGCTGCAT-1,44,9
TCATGCAGGTTCTCAT-1,14,29
TCATTTAAGTCTCCGA-1,23,33
TCCAACTCAGCTATCT-1,39,31
TCCAACTTTAAATTCT-1,26,16
TCCAATAAAGGCTACC-1,37,20
TCCAATGCGTCGCCGC-1,38,5
TCCACAATGGTTTACG-1,21,15
TCCACCAAGACATAGG-1,42,36
TCCACCTCTAGCCTTT-1,36,20
TCCACTTTATCTAGGT-1,21,27
TCCAGAGCACCGGTTC-1,26,25
TCCAGATGTACGCCAA-1,17,37
TCCAGCGCTATAAGCG-1,32,38
TCCAGGCGAGTACGGT-1,21,21
TCCAGGGTATATACGA-1,36,23
TCCATCAATACTAATC-1,38,8
TCCATTGTGACCTCGT-1,9,26
TCCCAAACAGACAACG-1,16,36
TCCCAAACATCCTCTA-1,43,14
TCCCAAAGACGAAGGA-1,18,22
TCCCACGGAGGGAGCT-1,6,26
TCCCACTCTCTTCCGG-1,21,35
TCCCAGCTTTAGTCTG-1,23,21
TCCCAGGCTTAGCTAA-1,21,18
TCCCGCGTACTCCTGG-1,19,24
TCCCGGGTGTGCTGCT-1,23,14
TCCCGTCAGTCCCGCA-1,17,26
TCCCGTGTGCAATTTG-1,28,28
TCCCTCTTCTCAAGGG-1,38,38
TCCCTGGCGTATTAAC-1,35,10
TCCCTGGCTCGCTGGA-1,22,12
TCCCTTAGATTACTCG-1,14,29
TCCCTTGTCTGAAACT-1,39,38
TCCGAACTTGGCTTAC-1,22,10
TCCGAATGGTCCTGAG-1,21,37
TCCGATAATTGCCATA-1,14,23
TCCGATGACTGAGCTC-1,16,26
TCCGATGGTGCGACAT-1,18,20
TCCGATTACATTGCCG-1,22,14
TCCGCGGCAGCATCTG-1,23,29
TCCGCGGCCCAATGAA-1,32,33
TCCGCTGGGTCGATCG-1,42,4
TCCGCTGTCATCCCGG-1,29,28
TCCGCTTATCCCATTA-1,31,23
TCCGGCCTAGCGTACA-1,20,33
TCCGGCCTGCATCGAT-1,6,28
TCCGGTTCGTCCGGTC-1,31,20
TCCGTTAAGCTAATAT-1,32,33
TCCGTTTAGCCTTGAA-1,20,30
TCCTAAATTGGGAAGC-1,34,25
TCCTAACCGTCGGGCA-1,37,18
TCCTACATCCACGGCC-1,29,29
TCCTAGCAAAGAAGCT-1,26,16
TCCTCCTAAGACATTC-1,29,10
TCCTCGGGCTGGGCTT-1,26,26
TCCTCTACGAGATGGC-1,18,14
TCCTCTCCAGTTGTCC-1,21,10
TCCTCTGGCCCATTAG-1,10,30
TCCTGCCAACTGGAGA-1,11,30
TCCTGCGTTGATACTC-1,25,13
TCCTTACGACGGTCCG-1,30,32
TCCTTCAATCCCTACG-1,26,5
TCCTTCAGTGGTCGAA-1,13,24
TCCTTTAAATCCGCTT-1,34,31
TCCTTTCTTACGCTTA-1,21,22
TCGAAATTTAGGACCA-1,20,17
TCGAAGAACCGAGCAC-1,28,33
TCGAATATCCCGCAGG-1,35,14
TCGACAACTGAACCCG-1,34,9
TCGACATAGCGTAGCG-1,42,13
TCGAGACCAACACCGT-1,24,20
TCGAGCCAGGCAGGCC-1,34,15
TCGAGTCTACGATTCG-1,34,5
TCGATAGGCTAGTCGC-1,9,18
TCGATGTTACGGCCGT-1,43,5
TCGCAAAGATGCATTT-1,29,26
TCGCACCAGGAGGCAG-1,31,28
TCGCATAAAGGGCGCA-1,37,37
TCGCATCCCTAAGTGT-1,13,13
TCGCCCACTGCGAGAG-1,24,5
TCGCCGAAGTTGCGTC-1,28,15
TCGCCGCACCGCGTGA-1,29,6
TCGCCGGTCGATCCGT-1,15,22
TCGCGCGTTTACATGA-1,41,6
TCGCGTCCAGAAGGTC-1,21,13
TCGCTAAACCGCTATC-1,15,30
TCGCTCGATATATTCC-1,20,23
TCGCTCGGCACCAGCG-1,17,36
TCGCTGGGCGGATTGT-1,20,26
TCGCTGTGCGTAAATC-1,14,16
TCGCTTTAAACGTTTG-1,18,30
TCGGAATGACCATCAA-1,8,26
TCGGAATGCGCTCTGA-1,21,12
TCGGACGCCCAGCCCA-1,22,27
TCGGAGAGTATCGGGA-1,28,11
TCGGAGTACATGAGTA-1,22,26
TCGGAGTCCTGGTTGC-1,42,5
TCGGATCTGGATGACC-1,39,6
TCGGCGTACTGCACAA-1,30,8
TCGGCTAACTTCCCTT-1,7,27
TCGGCTTGTATCGACG-1,35,32
TCGGGAACGTGCCTAG-1,21,36
TCGGGATTCAAACATA-1,25,9
TCGGGCCGTCGTGGTA-1,26,30
TCGGGTGAAACTGCTA-1,10,21
TCGGTCCCGACAATAG-1,34,11
TCGGTCCCTGACTCCA-1,10,30
TCGGTTAGCCATGTAG-1,8,32
TCGTAAGACGACATTG-1,19,27
TCGTAAGCTCCGAGGA-1,13,35
TCGTACCGACGTCAAG-1,40,21
TCGTATAGTGCAATTA-1,11,21
TCGTATTACCCATTGC-1,24,12
TCGTATTTCGTCCGGA-1,8,28
TCGTCACACTGTTAGC-1,19,10
TCGTCCGCTGGCGTCT-1,16,16
TCGTTAGGAGTCCCTA-1,32,20
TCGTTCGTTATTATGT-1,10,22
TCGTTGCTATCCGGTC-1,33,18
TCTAAAGAACAGTCTC-1,32,7
TCTAACTGTATGTAAA-1,19,7
TCTAATACTGCCTCAG-1,34,12
TCTACACGTTCATGCA-1,8,31
TCTACCGTCCACAAGC-1,19,24
TCTAGCAATCTCCGCC-1,29,13
TCTAGCATCTTCGATG-1,17,17
TCTAGCATGCCCAGAA-1,30,23
TCTAGGTGGCGACGCT-1,20,33
TCTAGTGATATCGTGG-1,28,33
TCTAGTTATCAGAAGA-1,23,20
TCTATAGGTGGGTAAT-1,38,36
TCTATCATGCAGTTAC-1,14,16
TCTATCGGTCGCAACA-1,16,23
TCTATGCTATAACGAC-1,38,32
TCTATTACGCTGGCGA-1,12,14
TCTATTACTAGAGGAT-1,26,9
TCTCAGGCTACTCGCT-1,42,39
TCTCATGAGATAGGGT-1,30,30
TCTCCAACGTAGGTTA-1,15,27
TCTCCACAAGTTGAAT-1,36,31
TCTCGAACGAGGTCAC-1,11,32
TCTCGACGTATCGCCG-1,28,37
TCTCGTGTTACGAGGA-1,28,6
TCTCTAATAGCTGGTA-1,15,19
TCTCTCGCCGCACATA-1,33,38
TCTGAACCGGTCGGCT-1,16,15
TCTGAATTCCGTACAA-1,23,32
TCTGAGCAATTGACTG-1,33,37
TCTGATGTATTCTGTC-1,31,28
TCTGCATACCTTGCTT-1,36,33
TCTGCCAGAAACTGCA-1,26,27
TCTGGCGCAAGCCGGG-1,23,6
TCTGGGAACCTTTGAA-1,26,33
TCTGGGTAGCGCTCAT-1,26,15
TCTGTCATACAAGAGC-1,10,17
TCTGTGCCATCATAGT-1,22,28
TCTGTTACCCAGCATA-1,31,14
TCTGTTTAGATTGTTC-1,43,6
TCTTACAGAGGTACCG-1,13,17
TCTTACCGGAACTCGT-1,16,31
TCTTACGGCATCCGAC-1,18,13
TCTTACTTATGCCTCT-1,28,31
TCTTAGAGCTCCAATT-1,26,36
TCTTAGAGTGAACTCT-1,27,33
TCTTCCCATGGGCACA-1,22,32
TCTTCGAATAGACGTT-1,25,25
TCTTCGATACCAATAA-1,22,23
TCTTCGCGGTGAGAGG-1,36,38
TCTTCTATAACCCGCC-1,28,35
TCTTGATGCGTAGCGA-1,22,24
TCTTGGTAACACCAAA-1,16,23
TCTTTAAGACTATGAA-1,23,33
TCTTTAGAGTCTAACA-1,31,37
TCTTTCATCCGTCCTT-1,39,5
TCTTTCTCTTAAGGAG-1,9,27
TGAAACTTATGCAAGC-1,11,26
TGAAAGGACCTGACTC-1,23,28
TGAACCTGAATGTGAG-1,44,6
TGAACTGCTATGACTT-1,25,5
TGAATGAGTGTTTCCC-1,39,19
TGAATGTCAGCCGGCC-1,29,36
TGAATTTCACTTGCCT-1,27,5
TGACAACTTAAAGGTG-1,44,14
TGACACTTCTCTTTGC-1,13,34
TGACAGAAATCTTGCT-1,42,6
TGACAGGACAAGTCCA-1,33,7
TGACATATATGACGAT-1,25,5
TGACATCGAGCGGACC-1,23,34
TGACATGTAACGTGAC-1,40,23
TGACCAAATCTTAAAC-1,39,22
TGACCAGCTTCAAAGT-1,9,33
TGACCCACGTTAGACA-1,22,18
TGACGAATATTTCCCT-1,28,11
TGACGATGCACTAGAA-1,24,32
TGACTATAATCCTTTC-1,29,24
TGAGAATGCTTTACCG-1,14,20
TGAGACGTACCTCTCA-1,25,6
TGAGAGATTTACCACG-1,26,31
TGAGATCAAATACTCA-1,9,23
TGAGATTAGGCCCTAA-1,13,32
TGAGCCATACAGTCTC-1,27,15
TGAGCGGAAAGTGTTC-1,33,23
TGAGCTTTAATGACGC-1,15,29
TGAGGAGTGCCAGCTT-1,35,21
TGAGGCATGTACTGTG-1,34,7
TGAGGTGTGTGGCGGA-1,41,19
TGAGTAAATTAGCGTA-1,29,21
TGAGTGCCTCTTAAAT-1,28,16
TGAGTGGTCCGTGACG-1,21,29
TGAGTTAAAGACATTC-1,30,37
TGATACATTTAGCCGT-1,33,17
TGATAGCGGGATTCTA-1,20,8
TGATCACCACACTGAC-1,40,19
TGATCAGGGAACTGCT-1,27,11
TGATCCCAGCATTAGT-1,19,35
TGATCGGTTTGACCCT-1,20,20
TGATCTACGCTGATCT-1,13,33
TGATCTATCACACTCT-1,42,31
TGATCTCCGGCGCCAG-1,20,19
TGATGGCTGTTTCTGA-1,21,37
TGATGTCAATTAAGTG-1,35,34
TGATTCAGGTCCCGCG-1,30,7
TGATTCCCGGTTACCT-1,38,19
TGATTCGTCTATCACT-1,21,16
TGATTCTGTCGCCGGT-1,30,17
TGATTTATTAGCTGTG-1,25,14
TGATTTCCTCCTGACG-1,13,14
TGCAACCCATCTGCGG-1,36,30
TGCAAGAATGACGTAA-1,21,22
TGCAATCTAACACGGT-1,37,30
TGCAATTTGGGCACGG-1,12,35
TGCACAGTGAAGTTAT-1,11,33
TGCACGAGTCGGCAGC-1,8,23
TGCAGAACTATATCGT-1,27,11
TGCAGAGTACCGAGCA-1,25,18
TGCAGATCGTCCTAGG-1,27,10
TGCAGCTACGTACTTC-1,27,9
TGCAGGATCGGCAAAG-1,17,26
TGCAGTTTCCTCCCAT-1,26,30
TGCATATGTCTGTCAC-1,23,29
TGCATGGATCGGATCT-1,15,24
TGCATGTGGTAATCTA-1,20,28
TGCCAAAGTCAGACTT-1,27,10
TGCCAATGGGTACTCT-1,33,19
TGCCACACTAGAGGAA-1,27,5
TGCCACCTGGCGAAAC-1,15,26
TGCCAGTACGTGGAGA-1,31,25
TGCCATTACTAAAGAA-1,16,30
TGCCCGTACCGTTAAA-1,28,26
TGCCGTGGATCGTCCT-1,34,23
TGCCGTGGGACCCAAT-1,41,24
TGCCGTTCTTAATCGG-1,34,5
TGCCTGATCAAACGAT-1,15,25
TGCCTTGGCCAGGCAA-1,32,28
TGCGAATATGGGATTT-1,28,8
TGCGACACCCTAGTGC-1,29,18
TGCGACGGCCGAACGT-1,36,14
TGCGAGAATATTACCC-1,31,16
TGCGAGCCCTTCCGCG-1,11,34
TGCGCAAAGCATTTGG-1,21,24
TGCGCGATTAACGGAG-1,19,16
TGCGGACTTGACTCCG-1,40,26
TGCGGAGTAAAGGTGC-1,16,25
TGCGGCATAGTTCAAC-1,11,20
TGCGGGTATTGGGATC-1,6,25
TGCGGTGAAATTTCAT-1,11,23
TGCGTAAGAACCTGAT-1,27,17
TGCGTCATGACTGAGC-1,32,10
TGCGTTTGTTGACACT-1,27,26
TGCTAAGTGTCTATTT-1,32,30
TGCTATACAAACGGAC-1,8,20
TGCTCAAAGGATGCAC-1,44,10
TGCTCCACAGTTCTTA-1,28,32
TGCTCGGCGAAACCCA-1,34,22
TGCTGGTTGGACAATT-1,16,16
TGCTGTTGAAGAACTC-1,25,23
TGGAACCACTGACACA-1,17,34
TGGAAGAAGGGAACGT-1,25,14
TGGAAGACGAACACCA-1,12,18
TGGAAGGATAAAGATG-1,15,24
TGGAATATCCTTGACC-1,17,35
TGGAATTAGACGCTTT-1,18,10
TGGACCAATCTAAGAT-1,37,28
TGGACGCAATCCAGCC-1,35,10
TGGACTGTTCGCTCAA-1,24,26
TGGAGCTAAAGTTCCC-1,8,24
TGGAGTGATGCGATGA-1,20,16
TGGCAAACTAAATTAC-1,31,27
TGGCAACTCGCGCGCC-1,16,29
TGGCAAGCACAAGTCG-1,39,21
TGGCAGATTACGATCA-1,28,21
TGGCAGCAGTAATAGT-1,25,22
TGGCATGAAGTTTGGG-1,34,8
TGGCCAAACTGAAGTA-1,20,26
TGGCCAATTTGGTACT-1,30,7
TGGCCGTATATTGACC-1,18,15
TGGCGACTGCTCCAAA-1,33,18
TGGCGATCAAGTTATG-1,31,20
TGGCGGTGTGCGATTG-1,9,17
TGGCTCTTGTCGCGTA-1,27,8
TGGCTTATGTATAATG-1,33,5
TGGCTTTGGGTAGACA-1,15,19
TGGGAAATGCCTTTCC-1,17,12
TGGGATGCACTCATTC-1,11,33
TGGGCAATAGTTGGGT-1,29,36
TGGGCACAAACAGAAC-1,9,18
TGGGCACGTTCTATGG-1,13,26
TGGGCAGGCCACCGCA-1,33,38
TGGGCCACAAGAGCGC-1,14,25
TGGGCCCATACTAATT-1,29,30
TGGGCGATACAATAAG-1,40,22
TGGGTAAGGTTCCCGC-1,12,27
TGGGTGTTAAGTAGAA-1,42,24
TGGTAAGCAGGATTGA-1,26,7
TGGTAGAATATATGGG-1,30,33
TGGTATCGCATCCCAA-1,9,24
TGGTATCGGTCTGTAT-1,9,21
TGGTCGATATACCTCT-1,42,15
TGGTCGTGCAAGGCAA-1,26,6
TGGTCTGTTGGGCGTA-1,24,13
TGGTGATCGTATTTGT-1,18,9
TGGTTAACTTACATTT-1,36,7
TGGTTAAGGGCGCTGG-1,19,37
TGGTTCAACGGGTAAT-1,31,26
TGGTTCGTAGCAAAGG-1,17,20
TGGTTGGAGGATCCTG-1,11,31
TGGTTTAAACGTGGGT-1,17,37
TGTAAGACTGATAAGA-1,39,4
TGTAATGACCACAATA-1,24,8
TGTACCTACACGAGGG-1,35,31
TGTACGAACAAATCCG-1,25,21
TGTACGCTATCAGCTT-1,5,29
TGTACTTCCGGGCATG-1,41,37
TGTAGGAGAAATTTCC-1,23,29
TGTAGTGATCTATAAT-1,23,14
TGTATAACAGATCCTG-1,20,27
TGTATCCTTATTCCAT-1,10,19
TGTATGGCGCAGACAG-1,27,31
TGTCATTTGTTGGGAA-1,16,36
TGTCCCGACATAGCAC-1,11,21
TGTCCGTGGCGCCTTT-1,21,10
TGTCCTAAGTCACCGC-1,23,13
TGTCGTGGGTATAGGC-1,43,24
TGTCGTTATCACATAT-1,36,9
TGTCTACAGTTTCTGT-1,11,20
TGTGACTACGCCAGTC-1,16,26
TGTGATTCCAGCGCTT-1,5,29
TGTGCCAGAGGCAAAG-1,33,4
TGTGCTTTACGTAAGA-1,24,10
TGTGGAGGAAGCTTAA-1,6,21
TGTGGCAAAGCGTATG-1,20,30
TGTGGCGGGCTTCTGG-1,38,21
TGTGGTTGCTAAAGCT-1,38,19
TGTGTCGAAGTCGAGG-1,27,4
TGTGTCGCGAGTTGCA-1,17,15
TGTGTGACCATGAATC-1,30,5
TGTGTTCGTATCCAAG-1,21,10
TGTTATTGTATGTGGC-1,28,29
TGTTCATAAATGTGCT-1,18,7
TGTTCCGCTTCCATGA-1,24,17
TGTTCGTATTGCGGTG-1,30,22
TGTTCTTCCATTGACT-1,22,17
TGTTGTCAAGAAGTCT-1,17,28
TGTTTAATACTTCATC-1,10,27
TGTTTCGGTACTTCTC-1,14,21
TGTTTGAGATCGTCAG-1,30,38
TTAAACCGGTAGCGAC-1,9,19
TTAAACCTGGTTCCTT-1,18,8
TTAAACTCGAATTCAT-1,21,32
TTAAAGTAAGTCGCCA-1,40,35
TTAACACCTCGAACAT-1,17,11
TTAACCAACCCTCCCT-1,15,20
TTAACGTCGCAAGACC-1,10,20
TTAACGTTAAAGCCTG-1,24,5
TTAACTCACGCGTGGA-1,17,8
TTAACTTCAGGTAGGA-1,29,12
TTAAGACGAACGAACC-1,8,32
TTAAGATAGGATTGAC-1,27,34
TTAAGCCGACAACTTC-1,12,27
TTAAGCGCCTGACCCA-1,21,17
TTAAGGCCCGTACTTT-1,35,12
TTAAGTATTGTTATCC-1,38,30
TTAATCAGTACGTCAG-1,14,26
TTAATGCGAGGTAACT-1,7,25
TTAATGTAGACCAGGT-1,21,24
TTAATTGCTTTGGGTG-1,37,26
TTAATTTCAGACGCGG-1,14,24
TTACAACTACGCATCC-1,17,19
TTACACGATCTGCGAC-1,37,36
TTACAGACCTAAATGA-1,19,32
TTACATCGTGGCCTGG-1,15,15
TTACATGCCACAACTA-1,26,34
TTACCATTGATTACCC-1,23,12
TTACCCATTGCCGGGT-1,14,29
TTACCCTAACAGTCCT-1,17,11
TTACCCTAGGGATTGG-1,36,21
TTACGGATGGTTCGAG-1,22,31
TTACGTATCTATGACA-1,38,38
TTACTAAAGGACTTTA-1,30,27
TTACTATCGGCTTCTC-1,23,9
TTACTCCGGCCGGGAA-1,23,27
TTACTCTGGTACGTAC-1,27,13
TTACTGGGATATTTCA-1,28,20
TTACTGTTTCTCTACG-1,6,24
TTAGAAGAACATGACT-1,32,23
TTAGACACGATCGTTG-1,13,29
TTAGACGAGTCACCTC-1,30,28
TTAGAGGGATATACAG-1,31,4
TTAGAGTATTGTCGAG-1,44,11
TTAGAGTTTAGAAGGA-1,29,29
TTAGCAACATGGATGT-1,15,12
TTAGCATCCCTCACGT-1,42,5
TTAGCCATAGGGCTCG-1,44,12
TTAGCTAATACGATCT-1,16,33
TTAGCTCTGTAATCCG-1,21,9
TTAGCTGATTTGCCGT-1,25,32
TTAGGTCATAACCGAC-1,35,15
TTAGTAGGGCGGCGGG-1,23,12
TTAGTTATTCGTGGCA-1,29,31
TTAGTTCAAGTGTTCG-1,16,37
TTATAGATGCACATTA-1,8,20
TTATATACGCTGTCAC-1,25,26
TTATATTTGGCAATCC-1,18,23
TTATCCAATCGAACTC-1,12,14
TTATCCGGGATCTATA-1,31,30
TTATCCTCAAGGAATA-1,32,10
TTATCGCCTGCGAAGC-1,19,9
TTATCTGACATTAGGA-1,29,7
TTATCTGTATCATAAC-1,16,22
TTATGAATGAAAGGGA-1,26,23
TTATGACAAACTGGAT-1,19,14
TTATGATCTTAACGAA-1,25,28
TTATGCGTCCCGGTCC-1,9,17
TTATGTTTGCGATAGA-1,18,10
TTATTAGGGAAGCATC-1,13,21
TTCAAAGTCTCTAGCC-1,23,26
TTCAACGACCCGACCG-1,15,18
TTCAAGCCGAGCTGAG-1,12,26
TTCAATACTCTGAATC-1,25,29
TTCAATTAGCCATAAT-1,9,27
TTCACGAAAGGATCAC-1,25,20
TTCACTCGAGCACCTA-1,33,24
TTCACTTCCTAGAACG-1,39,19
TTCAGCCCTGGTCCAC-1,29,29
TTCAGCTGGCGTGCCC-1,33,32
TTCAGGCGTCAAAGCC-1,26,9
TTCAGTTTGTGGCAGC-1,19,6
TTCATGGCGCAACAGG-1,15,26
TTCCAATCAGAGCTAG-1,17,32
TTCCAATCTGGCTATC-1,30,18
TTCCACACAGATTTGA-1,31,18
TTCCACATTTCTCGTC-1,6,27
TTCCAGACGAGATTTA-1,25,37
TTCCATCATGCGGTGA-1,12,33
TTCCATCGACAGCGTG-1,36,35
TTCCCGACGCTTCACT-1,6,30
TTCCCGGCGCCAATAG-1,29,8
TTCCGCAGAGAAATAT-1,16,34
TTCCGCGTGAGGCGAT-1,29,23
TTCCGGCCTTGAGGCT-1,33,17
TTCCGGTTACCCACTT-1,28,30
TTCCTCGAGGGTGTCT-1,16,19
TTCCTCGGACTAACCA-1,31,29
TTCCTCTGCCCGAATA-1,23,9
TTCGACAGAGCCCGTG-1,32,24
TTCGACGGGAAGGGCG-1,17,17
TTCGCACTCGCGTGCT-1,18,17
TTCGCACTGTACGACA-1,36,21
TTCGCCGCTCGCGCTA-1,34,7
TTCGCTATCTGACGTG-1,15,33
TTCGGACTGATGCCTT-1,9,33
TTCGGCAACCCGCTGA-1,13,30
TTCGGCTAGAGATGGT-1,14,11
TTCGGGACTAATCGCG-1,24,25
TTCGGGTTGCCACGGG-1,36,38
TTCGGTACTGTAGAGG-1,39,23
TTCGTAATCCCAGCGG-1,11,29
TTCGTACTCCAGAACG-1,20,13
TTCGTTCAACGAAGTT-1,17,35
TTCTAACCGAAGCTTA-1,23,30
TTCTACCTCAATCGGT-1,40,11
TTCTACCTTTATGTTG-1,8,29
TTCTACTTGCGAGGGC-1,16,14
TTCTAGAAAGTCTTAT-1,36,18
TTCTAGGCCAATTGTG-1,16,17
TTCTATTAAACGCAGC-1,39,20
TTCTCAATTGCTACAA-1,42,8
TTCTCTTACAGGTGAT-1,37,7
TTCTGACCGGGCTCAA-1,32,29
TTCTGCCGCGCCTAGA-1,30,24
TTCTGCGAGCGCCCTT-1,22,9
TTCTGCTAGACTCCAA-1,20,35
TTCTTAGTGAACGGTG-1,14,14
TTCTTAGTGGCTCAGA-1,14,22
TTCTTATCCGCTGGGT-1,30,34
TTCTTCCCTTTGATAT-1,6,25
TTCTTCGCAATAGAGC-1,6,29
TTCTTGAGCCGCGCTA-1,29,16
TTCTTGCTAGCATCTC-1,26,36
TTCTTGGACGATCTGC-1,32,14
TTCTTGGAGTAATGAG-1,16,27
TTCTTGTAACCTAATG-1,17,14
TTCTTGTGTCCATCAG-1,21,7
TTCTTTGGTCGCGACG-1,17,35
TTGAAAGGTGTAAAGG-1,12,34
TTGAACGAATCCTTTG-1,15,10
TTGAACGACGTGCTGA-1,36,30
TTGAAGAATTCCCAGG-1,22,19
TTGAATATGGACTTTC-1,23,26
TTGAATCGTTGTATAA-1,30,7
TTGAATTCACGTGAGG-1,25,33
TTGACAGGAGCTCCCG-1,29,33
TTGACATGAACGTGGA-1,28,14
TTGACCATGTTCTCCG-1,17,27
TTGACCGTGTTAATGA-1,31,14
TTGACGATTCAGCACG-1,10,19
TTGACGCTCCATGAGC-1,26,34
TTGACTACCATATGGT-1,27,16
TTGACTATTGTCCGGC-1,29,35
TTGAGAAGTTTAGCAT-1,33,30
TTGAGAGTACTGCTAA-1,28,15
TTGAGCAGCCCACGGT-1,28,38
TTGAGGCATTTAACTC-1,9,31
TTGATCTAACTTTGTC-1,20,18
TTGATGTGTAGTCCCG-1,17,30
TTGATTAGCTGTTTCT-1,30,14
TTGATTATGCAGATGA-1,19,14
TTGCACAATTCAGAAA-1,27,21
TTGCACGGAGCAGCAC-1,16,21
TTGCATGCTGATCACG-1,26,14
TTGCCAAGCAGAACCC-1,28,37
TTGCCATAGCCCGCTC-1,33,11
TTGCCCTGATCACGGG-1,24,14
TTGCCGCAGACCTACA-1,37,10
TTGCCGGTGATCCCTC-1,11,33
TTGCGCTTGATCAATA-1,40,34
TTGCGGCATCAGAAAG-1,32,17
TTGCGGCGACTCATGC-1,6,23
TTGCGTAGTTTGAGGA-1,18,10
TTGCGTCGGCCAACCG-1,31,16
TTGCGTGAACGCTTAG-1,12,32
TTGCTCCCATACCGGA-1,16,25
TTGCTGAAGGAACCAC-1,15,21
TTGCTGATCATGTTCG-1,22,21
TTGCTGCACCTATCCA-1,16,10
TTGCTGGCCGGGCTTC-1,9,27
TTGGAAGAATACAGTC-1,31,11
TTGGACATGTGGCTTA-1,26,13
TTGGACCATCTGGCAA-1,31,35
TTGGACCTATAACAGT-1,34,29
TTGGAGTCTCCCTTCT-1,9,17
TTGGATATCGTCTACG-1,30,19
TTGGATCGACTTCTGG-1,10,22
TTGGATTGGGTACCAC-1,14,20
TTGGCCTAGAATTTCG-1,13,28
TTGGCTCAATATGTGT-1,38,37
TTGGCTCGCATGAGAC-1,17,15
TTGGGAAGACGAGCCG-1,40,23
TTGGGACACTGCCCGC-1,20,25
TTGGGACGTAAGAGTT-1,31,36
TTGGGCGGCGGTTGCC-1,21,26
TTGGTCACACTCGTAA-1,30,18
TTGGTTGCGGTGCGCG-1,32,11
TTGTAAGGACCTAAGT-1,29,14
TTGTAAGGCCAGTTGG-1,19,28
TTGTAATCCGTACTCG-1,23,20
TTGTACACCTCGAACA-1,31,5
TTGTATCACACAGAAT-1,11,26
TTGTCACCGCGGTATC-1,32,6
TTGTCGTTCAGTTACC-1,16,21
TTGTGAACCTAATCCG-1,34,30
TTGTGAGGCATGACGC-1,27,8
TTGTGATCTGTTCAGT-1,40,37
TTGTGCGGAAGCGGAT-1,36,5
TTGTGGCCCTGACAGT-1,14,22
TTGTGGTAGGAGGGAT-1,31,12
TTGTGTATGCCACCAA-1,34,22
TTGTTAGCAAATTCGA-1,16,17
TTGTTCAGTGTGCTAC-1,17,23
TTGTTGTGTGTCAAGA-1,21,27
TTGTTTCACATCCAGG-1,35,17
TTGTTTCCATACAACT-1,28,12
TTGTTTGTATTACACG-1,42,16
TTGTTTGTGTAAATTC-1,9,19
